Date,DetachedPrice,Detached1m%Change,Detached12m%Change,SemiDetachedPrice,SemiDetached1m%Change,SemiDetached12m%Change,TerracedPrice,Terraced1m%Change,Terraced12m%Change,FlatPrice,Flat1m%Change,Flat12m%Change
01/01/1995,85181.06169,0.146006759,-15.08124975,51789.90045,0.577270178,-13.76134176,42887.45948,0.645392042,-15.48201232,38607.68916,0.583154272,-11.36974286
01/02/1995,83991.02674,-1.397065183,-14.07268687,51626.77091,-0.314983312,-12.81780247,42715.02391,-0.402065234,-14.44348071,38371.16493,-0.612635044,-10.56159879
01/03/1995,83994.2528,0.003840959,-13.16172684,51766.0861,0.269850685,-11.96557344,42887.31989,0.403361537,-13.50545215,38462.67709,0.238491997,-9.83166221
01/04/1995,84052.38045,0.069204318,-12.15316396,52033.643,0.516857502,-11.02203416,43144.24647,0.599073536,-12.46692053,38798.06763,0.871989597,-9.023518138
01/05/1995,84753.90221,0.834624497,-11.17713536,52427.76154,0.757430229,-10.10893162,43511.50687,0.851238404,-11.46188994,39254.42103,1.176227145,-8.241443229
01/06/1995,85461.80974,0.835250663,-10.16857248,52857.96931,0.820572453,-9.165392339,43788.30096,0.636139985,-10.42335832,39859.40877,1.54119643,-7.433299157
01/07/1995,85262.85898,-0.232794921,-9.192543879,52618.72612,-0.452615187,-8.252289806,43602.03993,-0.425367118,-9.418327721,39461.31648,-0.998741084,-6.651224248
01/08/1995,85708.69503,0.52289596,-8.183980995,52651.13792,0.061597469,-7.308750521,43627.33138,0.058005206,-8.379796104,39239.38866,-0.562393346,-5.843080176
01/09/1995,85771.88974,0.073731967,-7.175418111,52532.11474,-0.226060027,-6.365211237,43612.11446,-0.034879319,-7.341264486,38897.33449,-0.871711259,-5.034936104
01/10/1995,85490.09683,-0.328537594,-6.199389514,52324.54613,-0.395127095,-5.452108703,43260.10509,-0.80713668,-6.336233889,38892.10821,-0.013436086,-4.252861196
01/11/1995,85061.88118,-0.500895039,-5.19082663,52183.04351,-0.270432575,-4.508569419,42999.65443,-0.602057403,-5.297702272,39116.77887,0.577676745,-3.444717123
01/12/1995,83323.54733,-2.043610867,-4.214798033,51234.93062,-1.816898402,-3.595466885,42132.45764,-2.016752931,-4.292671675,38541.64294,-1.47030495,-2.662642215
01/01/1996,83340.2547,0.020051199,-2.161051946,51225.08085,-0.019224726,-1.090597971,42171.86742,0.093537813,-1.66853451,38399.08744,-0.369873951,-0.540311334
01/02/1996,82546.96431,-0.951869414,-1.719305605,50877.68326,-0.678178706,-1.450967467,41909.29091,-0.622634296,-1.886298856,38021.95238,-0.982145891,-0.910091072
01/03/1996,82972.58903,0.515615231,-1.216349615,51221.46699,0.67570634,-1.052077054,42091.00182,0.43358146,-1.856768087,38119.93605,0.257702887,-0.89110031
01/04/1996,83023.80797,0.061729954,-1.223727959,51503.52771,0.550668954,-1.018793354,42460.85067,0.878688633,-1.583979001,38731.06546,1.60317533,-0.172694599
01/05/1996,84091.80285,1.286371834,-0.781202209,52194.87438,1.342328773,-0.444205818,43292.08742,1.957654488,-0.504279135,39251.86048,1.344644178,-0.006522968
01/06/1996,85843.57677,2.08316847,0.446710686,53266.66518,2.053440725,0.773196315,44362.97798,2.473640388,1.312398523,40281.08197,2.622096069,1.057901296
01/07/1996,88402.03845,2.980376365,3.681766597,54661.77724,2.619109066,3.882745317,45421.13185,2.385218311,4.172033983,40919.75401,1.585538436,3.695866384
01/08/1996,89420.52463,1.152107122,4.330750335,55014.85369,0.645929317,4.489391603,45554.51343,0.293655348,4.417373219,41029.86284,0.26908478,4.562951258
01/09/1996,90808.07883,1.551717807,5.871607947,55546.3196,0.966040769,5.737832699,45962.04508,0.894602134,5.388251974,41250.52038,0.537797409,6.049735585
01/10/1996,89900.67495,-0.999254574,5.159168463,54912.39041,-1.141262269,4.945755827,45364.23872,-1.300652225,4.863912431,40707.72035,-1.315862251,4.668330474
01/11/1996,90788.65017,0.987729203,6.732473946,55622.96874,1.294021845,6.592036422,46025.0169,1.456605909,7.035783232,41401.84177,1.705134602,5.841643831
01/12/1996,89767.11141,-1.12518333,7.733185019,55297.6293,-0.584901259,7.929548502,45726.55578,-0.648475866,8.530473515,41138.26831,-0.636622571,6.737194288
01/01/1997,91063.25657,1.443897591,9.266832573,56168.24157,1.574411559,9.649883678,46553.59709,1.808667418,10.39017228,41785.65195,1.573677437,8.819388001
01/02/1997,91139.01613,0.083194432,10.40868298,55958.38112,-0.373628304,9.986103007,46301.24357,-0.542070948,10.4796635,41624.53949,-0.385568851,9.475018734
01/03/1997,92550.75803,1.548998403,11.54377502,56623.4346,1.188478779,10.54629617,47005.39977,1.520814885,11.67564975,42094.5381,1.129138269,10.42657061
01/04/1997,92775.4755,0.242804563,11.74562787,56813.43101,0.335543779,10.30978565,47165.77394,0.341182439,11.08061472,42242.67721,0.351920034,9.066654138
01/05/1997,94309.1404,1.653093008,12.15021821,57967.03249,2.030508384,11.05886006,48077.35396,1.932715064,11.05344377,42689.89908,1.058696788,8.758918831
01/06/1997,95624.88387,1.395138866,11.39433778,58670.16561,1.212987943,10.14424388,48575.33267,1.035786442,9.495202728,42888.47363,0.46515582,6.472993105
01/07/1997,97437.2265,1.895262568,10.22056529,59719.32645,1.78823569,9.252441949,49479.62109,1.861620637,8.935244617,43539.19875,1.517249437,6.401418605
01/08/1997,98907.21319,1.508649972,10.60907281,60492.40765,1.29452431,9.956500098,50112.20628,1.278476226,10.00492049,44117.77634,1.328865958,7.526014696
01/09/1997,100903.5256,2.018368918,11.11734433,61777.02824,2.12360632,11.21714036,51097.62241,1.966419361,11.17351788,45166.58759,2.377298521,9.493376511
01/10/1997,101334.189,0.426807047,12.71794016,61986.17209,0.338546305,12.88194088,51164.08348,0.130066852,12.78505916,45232.2508,0.14538005,11.11467409
01/11/1997,101767.5071,0.427612941,12.0927637,62130.79093,0.23330823,11.69988286,51204.50805,0.079009671,11.25364312,45271.91689,0.087694283,9.347591683
01/12/1997,100416.5797,-1.327464363,11.863441,61410.73226,-1.158940121,11.05490966,50519.7047,-1.3373888,10.48219976,44660.14574,-1.351325932,8.561073618
01/01/1998,101374.8522,0.954297042,11.32355242,61648.17117,0.386640736,9.756277662,50830.21127,0.614624687,9.186431229,44818.30199,0.354132861,7.257634855
01/02/1998,101194.878,-0.177533339,11.03354227,61631.34937,-0.027286774,10.13783484,50930.69125,0.197677667,9.998538539,45047.33841,0.511033244,8.223031325
01/03/1998,101354.6338,0.157869436,9.512483676,61635.76134,0.007158644,8.852035868,51029.58955,0.194182135,8.561122341,45221.21029,0.385975901,7.427738439
01/04/1998,103167.9863,1.789116542,11.20178663,63150.15328,2.457002081,11.15356379,52149.30982,2.194256848,10.56600043,46347.27803,2.490131807,9.716715621
01/05/1998,104450.6255,1.243253092,10.75344876,64060.45595,1.44148925,10.51187752,53055.85518,1.73836503,10.35518974,46945.46798,1.290668998,9.968561625
01/06/1998,107406.6667,2.830084788,12.32083366,65881.78721,2.843144392,12.29180373,54660.18532,3.023851242,12.52663093,48402.88124,3.104481288,12.85755157
01/07/1998,109833.1847,2.259187438,12.72199406,67245.36925,2.069740515,12.60235715,55873.58546,2.219897609,12.92241984,49289.14895,1.831022621,13.20637577
01/08/1998,112406.2523,2.342705133,13.6481847,68366.36738,1.667026507,13.01644296,56707.89438,1.493208117,13.16183937,50051.78317,1.547265963,13.45037607
01/09/1998,113348.8129,0.838530364,12.33384777,68718.58866,0.515196704,11.23647513,56877.03335,0.298263541,11.3105281,50012.80918,-0.077867353,10.72966068
01/10/1998,111361.9191,-1.752902174,9.895702705,67305.00297,-2.057064486,8.580673251,55695.31691,-2.077668907,8.856277936,49303.49843,-1.418258147,9.00076288
01/11/1998,112590.8043,1.103505806,10.63531723,68098.07293,1.17832244,9.604387634,56098.34291,0.72362637,9.557429703,50163.88266,1.745077429,10.80574029
01/12/1998,113592.8429,0.889982606,13.12160125,68998.36992,1.322059421,12.35555639,56851.19121,1.342015208,12.53270689,51177.0799,2.019774358,14.59228144
01/01/1999,115861.769,1.997419974,14.29044438,70450.11888,2.104033715,14.27771099,57965.3503,1.959781438,14.0372012,52185.87299,1.971181433,16.43875532
01/02/1999,114979.8633,-0.761170636,13.62221639,69968.76031,-0.683261542,13.52787344,57705.24914,-0.448718351,13.30152354,51736.61793,-0.860874863,14.8494445
01/03/1999,115289.7175,0.269485664,13.74883733,70011.83372,0.061560906,13.58963075,57717.4346,0.021116738,13.10581784,51840.66762,0.201114209,14.6379482
01/04/1999,117772.1145,2.15318164,14.15567829,71713.74861,2.430896041,13.56068811,59383.43678,2.88647995,13.8719515,53181.25041,2.585967441,14.74514291
01/05/1999,119842.1864,1.757692731,14.73572885,73229.32517,2.113369605,14.31283791,60800.57389,2.386418148,14.59729314,54502.89571,2.485171551,16.09831164
01/06/1999,122819.6323,2.484472221,14.35010134,74993.82716,2.409556528,13.83089369,62406.96826,2.64207106,14.17262473,55645.86387,2.09707786,14.96394934
01/07/1999,125564.6846,2.235027318,14.32308458,76378.10042,1.845849601,13.58120457,63552.81737,1.836091619,13.74393973,56540.12923,1.607065275,14.7111087
01/08/1999,129746.5682,3.330461593,15.42646918,78501.35536,2.779926355,14.82452318,65448.47302,2.982803487,15.41333662,57949.81831,2.493254095,15.77972779
01/09/1999,134478.2286,3.646848191,18.641056,80901.24023,3.057125394,17.72832041,67508.56287,3.1476515,18.69213088,60056.70159,3.635702994,20.08263999
01/10/1999,135891.1312,1.050655323,22.02657099,81745.58683,1.04367572,21.455439,67972.52497,0.687264086,22.04351953,61083.35323,1.709470574,23.89253334
01/11/1999,138300.3513,1.772904531,22.83449976,83215.32248,1.797938832,22.19923253,69063.31478,1.604751042,23.11114944,62325.46507,2.033470287,24.24370238
01/12/1999,137626.3621,-0.487337265,21.1575999,83307.87719,0.11122316,20.73890629,69230.08733,0.241477765,21.77420711,62640.04357,0.504735103,22.39862786
01/01/2000,138680.2039,0.76572666,19.69453343,83711.74005,0.484783519,18.82412888,69556.5217,0.471520967,19.9967245,62679.53455,0.063044308,20.10824187
01/02/2000,139793.9643,0.80311424,21.5812581,84319.7724,0.726340594,20.51059934,70150.87144,0.854484561,21.567574,63135.9271,0.728136461,22.03334819
01/03/2000,143498.2916,2.649847769,24.46755415,86405.17828,2.47321099,23.41510527,71726.90101,2.246628633,24.27250362,64135.03362,1.58246908,23.71567838
01/04/2000,146577.1003,2.145536879,24.45823946,88539.99299,2.470702284,23.4630663,73754.3704,2.826651319,24.20023899,66218.75276,3.248956177,24.51522342
01/05/2000,149656.3734,2.100787239,24.87787298,90728.53899,2.471816318,23.89645647,75468.96064,2.324730358,24.12540838,67949.61831,2.613860092,24.67157465
01/06/2000,152473.8168,1.882608391,24.14449871,92580.06894,2.040735996,23.45025244,76995.6176,2.022893851,23.37663526,69745.98253,2.643670799,25.33902375
01/07/2000,156477.156,2.625591253,24.61876242,94555.8383,2.134119554,23.79967265,78387.63266,1.807914663,23.34249827,70847.34781,1.579109276,25.30453817
01/08/2000,159341.0459,1.83022875,22.8094493,96006.31059,1.53398491,22.29892101,79321.4178,1.191240381,21.19674323,72306.45854,2.059513558,24.77426271
01/09/2000,162273.2363,1.840197763,20.66877886,96925.23556,0.957150594,19.80685992,79982.90482,0.833932424,18.47816251,73284.13542,1.352129386,22.02490892
01/10/2000,160314.8424,-1.20684957,17.97299863,95857.30962,-1.101803817,17.26297814,78839.99266,-1.42894555,15.98803,72572.07019,-0.971649902,18.80826174
01/11/2000,159506.496,-0.504224308,15.33339904,94956.03509,-0.940225139,14.10883508,78070.01235,-0.976636712,13.04121819,72039.22176,-0.734233471,15.58553422
01/12/2000,158512.1123,-0.623412685,15.17569006,94874.4821,-0.085885005,13.88416713,77960.1591,-0.1407112,12.61022788,72343.68082,0.42262959,15.49110872
01/01/2001,162123.8932,2.278552013,16.90485641,97104.9324,2.350948594,15.99918045,80096.95274,2.740879014,15.15376384,74401.79568,2.844913102,18.70189562
01/02/2001,163475.8839,0.833924384,16.940588,98416.35021,1.350516167,16.71799793,81424.97355,1.658016644,16.07122174,75257.97,1.150744164,19.19991272
01/03/2001,164837.0872,0.832663062,14.87041787,99371.41506,0.970433106,15.0063191,82237.23201,0.997554474,14.65326239,75639.51481,0.506982599,17.93790467
01/04/2001,165386.7393,0.333451724,12.83259042,99790.21939,0.421453533,12.70637824,82899.71417,0.805574482,12.39973132,76195.67924,0.735282917,15.06661794
01/05/2001,166517.0908,0.683459586,11.26628761,100772.6809,0.98452682,11.07054295,83865.14766,1.164580005,11.12535134,77355.07517,1.521603247,13.8418097
01/06/2001,168439.0541,1.154213843,10.47080584,102152.3853,1.369125443,10.33950012,85240.24255,1.639649987,10.70791455,78832.74775,1.910246456,13.0283708
01/07/2001,172154.0337,2.205533411,10.01863667,104354.3534,2.155571874,10.3626759,86889.72193,1.935094667,10.84621257,80279.34328,1.835018522,13.31312429
01/08/2001,177098.3508,2.872030902,11.14421258,106818.3826,2.361213633,11.2618347,88941.39798,2.361241351,12.12784699,82250.38786,2.455232571,13.75247733
01/09/2001,183527.6469,3.630353446,13.09791503,109945.4376,2.927450218,13.43324256,91611.45357,3.002039151,14.53879272,85038.8607,3.39022455,16.03993172
01/10/2001,185079.1316,0.845368405,15.44728413,110811.719,0.787919447,15.60069804,92240.14528,0.686258855,16.99664367,85891.83928,1.003045627,18.35385026
01/11/2001,186314.7062,0.667592609,16.8069708,111762.0361,0.857596184,17.69871816,92680.21671,0.477093165,18.71423344,86628.62228,0.857803272,20.25202407
01/12/2001,185395.7163,-0.493246047,16.95996831,111960.6536,0.177714653,18.00923826,92635.17989,-0.048593775,18.82374403,87108.156,0.553551129,20.4087973
01/01/2002,187246.4811,0.998278102,15.49591947,113111.2969,1.02772107,16.4835751,93479.28737,0.911216964,16.70767011,88462.45454,1.554732186,18.89827891
01/02/2002,186629.2149,-0.329654375,14.16314779,112639.5249,-0.417086513,14.45204445,93541.42438,0.066471421,14.88050939,88282.61697,-0.203292534,17.30666795
01/03/2002,189119.5156,1.334357377,14.73116812,114103.699,1.299875932,14.82547462,94774.84074,1.318577695,15.24565992,89109.57173,0.936713009,17.80822755
01/04/2002,191431.2135,1.222347614,15.74761938,115858.8174,1.538178391,16.10237768,96540.53081,1.863036709,16.45460033,90894.80156,2.003409727,19.29128064
01/05/2002,196079.8484,2.428357869,17.75358762,119349.1997,3.012616878,18.4340822,99258.24021,2.815096805,18.35457633,93882.21838,3.286675115,21.36529914
01/06/2002,198491.466,1.22991608,17.84171257,120871.9594,1.275885956,18.32514634,100952.1341,1.706552392,18.43248103,95640.5342,1.872895476,21.32081772
01/07/2002,207611.106,4.594474623,20.59613216,126225.1215,4.428787446,20.95817517,105494.1745,4.499202012,21.4115688,99513.50709,4.049509887,23.95904479
01/08/2002,216052.9311,4.066172191,21.99601529,131204.9934,3.945230412,22.82997574,109803.667,4.085052579,23.45619646,103557.6733,4.063937012,25.9053921
01/09/2002,225659.7884,4.446529503,22.95683636,137070.7821,4.47070533,24.67164177,114448.6705,4.230280789,24.92834247,107555.7468,3.860721614,26.47834875
01/10/2002,227904.4182,0.994696411,23.13890619,138846.7896,1.295686423,25.29973433,115417.6487,0.846648723,25.12734918,108729.0512,1.090880249,26.5883373
01/11/2002,234015.5827,2.681459407,25.60231421,142055.8872,2.311250901,27.10567218,118095.5974,2.320224639,27.42265996,111242.1263,2.311318841,28.41266931
01/12/2002,234099.7802,0.035979459,26.27032865,142862.6422,0.567913747,27.60075752,118574.0494,0.405139554,28.00110012,112210.5637,0.870567173,28.81751703
01/01/2003,235972.4332,0.799937935,26.02235929,143908.9132,0.732361522,27.22771038,120138.0338,1.318993833,28.51834577,113506.0258,1.154492076,28.30983082
01/02/2003,234069.289,-0.80651123,25.41942543,143805.5075,-0.071854982,27.6687802,119924.014,-0.178144873,28.20417779,113495.6171,-0.009170158,28.5594163
01/03/2003,238690.4329,1.974263203,26.21142356,146097.9193,1.594105763,28.03959964,122079.5899,1.797451419,28.81012404,114963.8346,1.293633671,29.01401316
01/04/2003,244481.2454,2.42607651,27.71232075,150557.1944,3.052250915,29.94884445,125211.5303,2.565490613,29.69840675,117882.9374,2.539148787,29.69161645
01/05/2003,247341.0589,1.169747597,26.1430284,152456.3781,1.261436668,27.73975733,126859.4339,1.316095708,27.80745824,118412.0799,0.448871116,26.12833602
01/06/2003,247179.897,-0.065157757,24.52923139,153014.7532,0.366252386,26.59243218,127470.5656,0.48173929,26.26832191,119683.3359,1.073586468,25.13871543
01/07/2003,244579.7803,-1.051912695,17.80669394,151828.1029,-0.77551366,20.28358621,126729.5862,-0.581294575,20.12946376,118795.616,-0.741723888,19.37637363
01/08/2003,246579.4484,0.8175934,14.12918453,153570.2561,1.147451105,17.04604537,128268.058,1.213980043,16.81582366,120322.0482,1.28492295,16.18844292
01/09/2003,250216.3007,1.474921076,10.88209486,156153.7231,1.682270411,13.92196117,130380.2384,1.646692421,13.92027352,120783.3138,0.383359166,12.29833584
01/10/2003,254460.5765,1.696242736,11.65232269,158915.1313,1.76839086,14.45358713,132942.1909,1.964985252,15.18358971,122950.8839,1.794594006,13.08006693
01/11/2003,255150.8542,0.271271004,9.031565891,159489.9201,0.3616955,12.27265778,133449.1515,0.381339181,13.00095389,123431.7862,0.391133715,10.95777327
01/12/2003,254275.8965,-0.342917807,8.618596854,160025.3645,0.335723001,12.01344318,134283.3076,0.625074049,13.24847914,124653.4419,0.989741528,11.08886524
01/01/2004,254504.769,0.090009497,7.853602029,160015.5599,-0.006126883,11.19225098,134170.4524,-0.084042587,11.68024663,124123.5926,-0.425057864,9.354187851
01/02/2004,253786.1906,-0.282343766,8.42353207,159905.9633,-0.068491259,11.19599387,134334.2425,0.122076167,12.01613259,123835.6017,-0.232019531,9.110470379
01/03/2004,252620.9229,-0.459153332,5.836216336,158606.4474,-0.812675061,8.561742763,133513.852,-0.610708456,9.36623564,122651.2377,-0.956400202,6.686801237
01/04/2004,250704.8044,-0.758495576,2.545618163,159050.7911,0.280154908,5.641441935,134527.7438,0.759390775,7.440379885,122933.1603,0.229857128,4.284099994
01/05/2004,253170.6158,0.98355172,2.356890092,161847.5578,1.758411059,6.159912668,137636.1858,2.310632621,8.495033867,125486.2599,2.076819245,5.974204657
01/06/2004,259504.8971,2.501981237,4.98624696,167174.2964,3.291207243,9.253711079,142285.7794,3.37817674,11.62245863,129701.305,3.358969423,8.370395882
01/07/2004,266465.2776,2.682176959,8.948203874,172089.0692,2.939909385,13.34467462,146274.074,2.803016989,15.42219808,132770.7579,2.36655514,11.7640215
01/08/2004,273898.1143,2.789420334,11.07905223,176591.3528,2.616251926,14.99059599,149923.6014,2.49499266,16.88303671,135629.0882,2.152831228,12.72172494
01/09/2004,276144.6685,0.820215282,10.36238156,177599.9868,0.571168403,13.73407131,150609.0839,0.457221199,15.51526954,135436.031,-0.142342052,12.1314085
01/10/2004,274414.9768,-0.62637157,7.841843543,176102.5841,-0.843132224,10.81549168,149647.7624,-0.638289137,12.566042,135389.4326,-0.034406202,10.11668098
01/11/2004,274146.6433,-0.097783838,7.444924724,176089.5303,-0.007412566,10.40793687,149666.0034,0.012189262,12.15208314,135914.1668,0.38757397,10.11277638
01/12/2004,271884.6785,-0.825092994,6.92506928,175341.6125,-0.424737255,9.571137716,149404.7762,-0.174540093,11.26086996,136329.8684,0.305855994,9.367111189
01/01/2005,273064.3874,0.433900449,7.292444247,175753.2342,0.234754141,9.835089967,150185.9815,0.52287838,11.9367035,137298.7624,0.710698264,10.61455722
01/02/2005,270058.8163,-1.100682205,6.411942892,174337.209,-0.80568939,9.024832781,148820.9499,-0.908894107,10.78407644,136098.8826,-0.873918871,9.902871862
01/03/2005,270440.1459,0.141202432,7.053739958,174828.6146,0.281870719,10.22793681,149049.9791,0.153895792,11.63634105,136091.3275,-0.005551152,10.95797327
01/04/2005,269289.1816,-0.425589278,7.412852452,175651.755,0.470827035,10.4375236,149504.6677,0.305057762,11.1329629,135898.4276,-0.141743,10.54659887
01/05/2005,268591.347,-0.259139496,6.09104305,175313.5668,-0.192533322,8.320180533,149535.9372,0.020915434,8.645801513,135708.5273,-0.139736974,8.146124864
01/06/2005,266501.2426,-0.778172651,2.696036015,174763.1296,-0.313972957,4.539473728,149572.9765,0.024769504,5.121521743,135321.4103,-0.285256208,4.333113934
01/07/2005,269409.6148,1.091316577,1.104960914,176751.9178,1.137990722,2.709555382,151038.583,0.97986045,3.257247761,136367.8622,0.773308458,2.709259469
01/08/2005,271979.6765,0.95396064,-0.700420224,178315.3759,0.884549437,0.976278349,152570.4867,1.0142466,1.765489396,137073.5051,0.517455429,1.06497575
01/09/2005,274069.4784,0.768366927,-0.751486569,179194.6312,0.493090011,0.897885449,153134.0089,0.369352037,1.676475902,137101.877,0.020698285,1.229987308
01/10/2005,272507.3137,-0.569988569,-0.695174557,177852.0836,-0.749211981,0.993454764,152451.368,-0.44578003,1.873469769,136626.619,-0.346645842,0.913798371
01/11/2005,270712.2579,-0.658718382,-1.252754849,177293.6206,-0.314004168,0.68379436,151745.4169,-0.463066428,1.389369316,136039.5536,-0.429685967,0.092254417
01/12/2005,272860.0725,0.793393925,0.358752833,179373.538,1.173148456,2.299468694,153867.3045,1.39832073,2.986871266,138588.2628,1.873506002,1.65656611
01/01/2006,272244.6757,-0.225535663,-0.30018987,178662.655,-0.396314305,1.655401003,153584.3113,-0.183920293,2.262747712,137933.4098,-0.472516884,0.462238288
01/02/2006,272808.7354,0.207188505,1.018266763,179077.1582,0.232003249,2.718839628,154331.1241,0.486255857,3.702552703,138893.789,0.696262886,2.053585106
01/03/2006,273898.621,0.399505371,1.278831991,179219.2244,0.079332422,2.511379409,154188.6872,-0.09229305,3.447640887,137861.1152,-0.743498904,1.300441161
01/04/2006,277228.7743,1.215834271,2.948351887,182209.6864,1.66860557,3.733484706,156621.6233,1.577895384,4.760356837,140034.9701,1.576844106,3.043848639
01/05/2006,282782.9897,2.003477259,5.283730433,185945.7283,2.05040797,6.064654145,159664.8875,1.943067676,6.773589308,142608.5287,1.837797087,5.084427287
01/06/2006,286154.3161,1.192195623,7.374477276,188930.1483,1.604995205,8.106411655,162442.3143,1.739535154,8.604052744,144995.2785,1.673637519,7.148808315
01/07/2006,292414.1923,2.187587553,8.53888513,192895.9534,2.099085355,9.133725836,166222.9318,2.327360024,10.05329138,147648.0883,1.829583549,8.271909452
01/08/2006,297047.3918,1.584464647,9.216760486,195817.5119,1.514577363,9.815270189,169247.8088,1.819771196,10.93089662,149303.7506,1.121357098,8.922399325
01/09/2006,300981.9685,1.324561924,9.819586726,197625.2326,0.923166004,10.28524192,170708.8671,0.863265688,11.47678322,150562.5379,0.843104944,9.817999017
01/10/2006,301917.6403,0.31087306,10.79249077,198029.7654,0.204696969,11.34520408,171030.3224,0.188306177,12.18680727,151010.6882,0.297650626,10.52801374
01/11/2006,305001.2834,1.021352381,12.66622565,200128.5172,1.05981635,12.87970573,172506.629,0.863184092,13.68160731,152305.8259,0.857646392,11.95701685
01/12/2006,306527.4041,0.500365365,12.33868016,201773.0507,0.821738684,12.48763499,174435.2475,1.117996748,13.36732517,153619.1481,0.86229278,10.84571304
01/01/2007,309617.8969,1.008227218,13.72780607,203921.5897,1.064829517,14.13778088,176059.7416,0.931287797,14.63393631,154866.2948,0.811843273,12.27613018
01/02/2007,308788.9463,-0.267733407,13.18880455,203382.0434,-0.264585183,13.57229781,175499.9184,-0.317973468,13.71647777,155115.9436,0.161202775,11.67953923
01/03/2007,309556.5932,0.248599203,13.01867533,203606.6975,0.110459177,13.60762115,175544.0013,0.025118472,13.85011736,154799.2012,-0.204197139,12.28634052
01/04/2007,312183.9819,0.848758771,12.60879493,205648.8094,1.002968928,12.86381833,178087.2347,1.448772644,13.70539454,156668.5473,1.207594142,11.87815962
01/05/2007,317662.2978,1.754835666,12.33430203,209869.8615,2.052553614,12.86619133,182384.7441,2.41314845,14.22971386,160118.4314,2.202027235,12.27829984
01/06/2007,325690.2153,2.52718614,13.81628616,215280.3172,2.578005103,13.94704293,187484.2561,2.796018947,15.41589818,164553.2175,2.769691177,13.488673
01/07/2007,332382.2694,2.054729841,13.66830957,219195.9393,1.818848163,13.63428597,190626.4902,1.675998945,14.68122249,167255.5537,1.642226322,13.2798641
01/08/2007,336808.4416,1.33165112,13.38542294,221213.2537,0.92032472,12.96908619,192505.3445,0.985620782,13.74170566,167713.4374,0.2737629,12.3303579
01/09/2007,339136.4865,0.691207415,12.67667901,222073.6831,0.388959221,12.37111791,192971.0333,0.241909517,13.04101338,168041.3087,0.195494938,11.60897726
01/10/2007,341698.5239,0.755459088,13.1760713,222872.482,0.359699943,12.54494067,193937.4904,0.50083017,13.39362967,169414.0407,0.816901524,12.18678802
01/11/2007,338921.5756,-0.812689594,11.12136049,220673.7143,-0.986558621,10.26600174,191609.9523,-1.200148633,11.07396478,167935.9828,-0.872452978,10.26234998
01/12/2007,336681.6457,-0.660899153,9.837372188,219443.4569,-0.557500673,8.757565058,190670.8961,-0.490087364,9.307550459,167488.9593,-0.266186869,9.028699478
01/01/2008,335633.1657,-0.311415862,8.4023789,218453.8719,-0.450952145,7.126406885,189238.8435,-0.751059914,7.485585127,166362.1164,-0.672786367,7.423062346
01/02/2008,333894.8225,-0.517929518,8.130432272,217197.2736,-0.575223652,6.792748242,187823.5216,-0.747902416,7.021999401,165588.0831,-0.465270198,6.751169004
01/03/2008,325398.865,-2.544501123,5.117730368,211110.4186,-2.802454585,3.685399934,182086.7881,-3.054321099,3.727149218,160309.17,-3.187978837,3.559429721
01/04/2008,322417.3354,-0.916269187,3.277988013,208918.0109,-1.038512325,1.58970114,180389.697,-0.932023218,1.292884502,158217.511,-1.304765696,0.988688323
01/05/2008,324001.0772,0.491208624,1.995445935,210518.3437,0.766009965,0.308992524,181931.6177,0.854772036,-0.248445342,159140.1141,0.583123257,-0.610996084
01/06/2008,326121.3139,0.654391878,0.13236461,212606.5881,0.991953665,-1.241975655,183935.7911,1.101608068,-1.892673602,160677.5991,0.966120343,-2.355237081
01/07/2008,320506.9511,-1.721556549,-3.572789343,209992.6633,-1.229465574,-4.198652613,181298.6243,-1.43374313,-4.893268471,158413.688,-1.408977425,-5.286440747
01/08/2008,317260.5093,-1.012908393,-5.803872441,207640.6455,-1.120047592,-6.135531208,179476.4346,-1.00507641,-6.768077002,156226.9963,-1.380367905,-6.848849611
01/09/2008,315012.1003,-0.708694873,-7.113474123,204304.6993,-1.606595959,-8.001391043,176491.278,-1.66325826,-8.54001507,153926.9249,-1.472262434,-8.399353632
01/10/2008,307509.3649,-2.381729277,-10.0056502,198703.2872,-2.741695208,-10.84440512,171742.1561,-2.690853563,-11.44458159,150382.3607,-2.302757726,-11.23382681
01/11/2008,292657.7927,-4.829632471,-13.65029144,188962.6064,-4.902123588,-14.37013374,162956.0243,-5.115885352,-14.95430047,143332.1619,-4.688182039,-14.65071422
01/12/2008,278697.9804,-4.770012163,-17.22210463,181145.5988,-4.136801326,-17.45226701,156309.0903,-4.078974092,-18.02152638,136741.5044,-4.598170723,-18.35789954
01/01/2009,274483.3397,-1.512260966,-18.21924419,177842.8374,-1.823263407,-18.59021043,153281.3429,-1.937025802,-19.00112045,134041.7199,-1.974370935,-19.42773825
01/02/2009,274242.1406,-0.087873842,-17.86571035,177506.3557,-0.189201705,-18.27413262,152809.6958,-0.307700277,-18.64187484,134324.1852,0.210729427,-18.88052404
01/03/2009,276127.4317,0.687454908,-15.14185776,178513.4963,0.567382802,-15.44069807,153594.0219,0.513269837,-15.64790427,136325.5593,1.489958072,-14.96084768
01/04/2009,269620.3882,-2.356536412,-16.37534383,175729.8265,-1.559360978,-15.88574593,151372.8943,-1.446102845,-16.08562082,134590.1884,-1.272960765,-14.93344347
01/05/2009,269251.9065,-0.136666853,-16.89783601,175952.9808,0.126987145,-16.41916914,152215.1914,0.556438533,-16.33384379,134607.0466,0.012525591,-15.41601726
01/06/2009,272649.0762,1.261706851,-16.39642531,178582.5584,1.494477484,-16.00328097,154799.9471,1.698093082,-15.84022545,135687.0071,0.802306026,-15.55325208
01/07/2009,277768.0946,1.877511715,-13.33476742,181730.8846,1.76295277,-13.45846005,157705.4298,1.876927449,-13.01344376,136509.0917,0.605868372,-13.82746437
01/08/2009,281225.2781,1.244629435,-11.35824666,183676.5531,1.07063173,-11.5411375,159344.2901,1.039190783,-11.21715203,136469.3685,-0.029099304,-12.64674366
01/09/2009,287089.8398,2.085360821,-8.863869182,187264.8188,1.953578536,-8.340425124,162407.0616,1.922109392,-7.980120317,138427.7648,1.435044593,-10.06916762
01/10/2009,292059.7129,1.731121203,-5.024124055,190349.9954,1.647493934,-4.203902165,164810.6621,1.479985217,-4.035988683,140002.7222,1.13774674,-6.902164915
01/11/2009,296244.1808,1.432743968,1.225454498,192598.7063,1.181355917,1.924243066,167146.2847,1.417155015,2.571405632,141210.7744,0.862877669,-1.480049879
01/12/2009,293810.6374,-0.821465388,5.422592931,192042.2637,-0.288912948,6.015417946,166701.9616,-0.265828883,6.648923155,139910.6956,-0.920665439,2.317651275
01/01/2010,299627.8457,1.97991752,9.160667483,195289.1549,1.690717,9.809963522,169836.9216,1.880577756,10.80077875,140943.1042,0.73790542,5.148683822
01/02/2010,303832.1733,1.403183208,10.78974685,198482.1474,1.6350076,11.8169243,172087.7967,1.325315544,12.6157577,141974.4025,0.731712468,5.69533867
01/03/2010,307217.8235,1.114315875,11.25943613,199145.7299,0.334328552,11.55780043,172377.7463,0.168489344,12.22946326,142579.5345,0.426226125,4.587529478
01/04/2010,303828.8378,-1.103121431,12.68763459,197618.4094,-0.766936117,12.45581547,170810.6178,-0.909124617,12.84095383,142080.0019,-0.350353651,5.564903047
01/05/2010,305168.1613,0.440815143,13.33927597,198308.4115,0.34915885,12.7053436,171475.3523,0.389164598,12.65324481,143083.5137,0.70630051,6.297194143
01/06/2010,309894.759,1.54885019,13.66066713,201897.4997,1.809851688,13.05555338,174993.5246,2.051707291,13.04495115,144966.1534,1.315762822,6.838640255
01/07/2010,317539.2135,2.466790527,14.31810194,205731.8933,1.899178348,13.20689586,178608.9073,2.066009433,13.25476081,147008.554,1.408881057,7.691401479
01/08/2010,319572.3291,0.640272267,13.63570561,207104.4799,0.667172479,12.75499041,179444.0169,0.467563235,12.61402388,147207.9503,0.13563584,7.868858702
01/09/2010,321998.1191,0.759073867,12.15935726,207565.6444,0.222672391,10.84070443,179530.4119,0.048145931,10.54347641,147248.5489,0.027579085,6.372120581
01/10/2010,319393.7316,-0.808820713,9.35905142,206029.0352,-0.740300351,8.236953073,177879.4377,-0.919606974,7.929569221,146396.2686,-0.5788039,4.566730037
01/11/2010,320307.3976,0.286062601,8.122764382,205749.1124,-0.135865665,6.827878751,177426.4526,-0.254658508,6.150401651,146716.0453,0.218432317,3.898619582
01/12/2010,315726.5905,-1.430128411,7.459210229,203501.4573,-1.092425184,5.967016531,175026.7603,-1.352499721,4.993821668,144981.8171,-1.182030379,3.624541677
01/01/2011,314428.766,-0.411059626,4.93976795,201900.5808,-0.786665865,3.385454725,173581.4735,-0.825751865,2.204792632,143986.4682,-0.686533582,2.159285494
01/02/2011,309555.2662,-1.549953555,1.88363621,197915.9295,-1.973571025,-0.285274002,170442.5714,-1.808316335,-0.956038347,141327.7383,-1.846513755,-0.455479433
01/03/2011,313386.5908,1.237686783,2.007945777,198559.3765,0.325111317,-0.294434316,170972.8471,0.311116926,-0.815011953,142136.5671,0.572307164,-0.310680932
01/04/2011,316178.6497,0.890931195,4.064726688,200508.9351,0.981851686,1.462680403,172677.5716,0.997073269,1.092996365,143734.7382,1.124391239,1.164651087
01/05/2011,316320.6491,0.044911147,3.654538449,202090.7952,0.788922481,1.907323858,174103.9244,0.826020838,1.532915418,145759.7391,1.408845869,1.870393983
01/06/2011,315643.4308,-0.214092341,1.855040041,204005.8158,0.947604078,1.044250738,176056.529,1.121516713,0.607453572,147256.4081,1.02680547,1.579854797
01/07/2011,314885.14,-0.240236524,-0.835825432,204291.7979,0.140183292,-0.699986462,176428.1184,0.211062573,-1.220985505,147866.6301,0.414394236,0.583691287
01/08/2011,318640.9397,1.19275226,-0.2914487,206396.1329,1.030063413,-0.342023942,177924.1095,0.847932341,-0.847009226,147425.8301,-0.298106517,0.148008156
01/09/2011,317129.409,-0.474368014,-1.512030612,204036.5781,-1.143216573,-1.700216918,175983.1486,-1.090892593,-1.975856494,144954.8709,-1.676069392,-1.557691443
01/10/2011,319367.0317,0.705586642,-0.008359557,205134.6431,0.538170628,-0.434109722,176278.8,0.167999872,-0.899844114,144403.8734,-0.380116566,-1.360960357
01/11/2011,317420.8865,-0.609375732,-0.901169042,203616.0044,-0.740313137,-1.036752013,174974.1047,-0.740131714,-1.382177121,144219.8125,-0.127462557,-1.7014041
01/12/2011,314826.3863,-0.817369097,-0.285121454,203093.0417,-0.256837691,-0.200694184,174160.1754,-0.465171307,-0.495115653,144244.9179,0.017407718,-0.508270086
01/01/2012,312319.6501,-0.796228118,-0.670777021,202373.3291,-0.354375841,0.234149022,173644.8726,-0.295878649,0.036524102,143476.9778,-0.532386268,-0.353846084
01/02/2012,313275.734,0.306123508,1.201875143,203169.8796,0.393604503,2.654637324,174342.1875,0.401575306,2.287935527,143151.5741,-0.226798498,1.290500968
01/03/2012,313981.1798,0.225183693,0.189730214,204072.4611,0.444249665,2.776542037,175222.4865,0.504925926,2.485563897,143502.9808,0.245478722,0.961338622
01/04/2012,315509.0256,0.486604246,-0.211786627,204690.2415,0.302726022,2.085346676,176155.1544,0.532276422,2.013916894,144662.9397,0.808316967,0.645773987
01/05/2012,315143.3045,-0.115914601,-0.372199724,204791.4792,0.049458953,1.336371603,176622.4712,0.265287,1.446576691,145560.76,0.620629056,-0.136511725
01/06/2012,318732.4269,1.138885803,0.978634672,207017.9162,1.087172678,1.476477707,179473.569,1.614232777,1.940876615,147262.2157,1.168897242,0.003943869
01/07/2012,321302.0732,0.806207991,2.037864713,209019.9647,0.967089488,2.314418336,181565.6604,1.165682186,2.911974591,148162.7262,0.611501409,0.200245354
01/08/2012,324264.2971,0.9219436,1.764794391,211348.769,1.114154004,2.399577936,183785.1153,1.222397937,3.294104329,148931.4583,0.518843127,1.021278455
01/09/2012,326227.486,0.605428632,2.868884679,211986.7114,0.301843435,3.896425494,184076.2374,0.158403529,4.598786247,148990.6576,0.039749327,2.784167708
01/10/2012,321244.3776,-1.527494972,0.587833323,208708.5454,-1.546401625,1.742222723,181129.6214,-1.600758504,2.751789406,146944.1811,-1.373560272,1.759168671
01/11/2012,320388.6892,-0.266366789,0.934973978,207767.4504,-0.450913544,2.038860349,180187.1423,-0.520334064,2.979319447,146466.4954,-0.325079719,1.557818444
01/12/2012,319853.4508,-0.167059078,1.596773572,207360.3352,-0.195947504,2.10115199,179485.8492,-0.389202632,3.057917085,146060.9644,-0.276876265,1.259002069
01/01/2013,321706.0479,0.579201828,3.005381753,208663.2902,0.628353048,3.10809788,180031.4216,0.303964064,3.677936997,145734.8181,-0.223294658,1.573660346
01/02/2013,320546.2559,-0.360512965,2.320805957,207804.6899,-0.411476467,2.281248721,179172.8121,-0.476922047,2.770772015,144680.9672,-0.723129108,1.068373194
01/03/2013,321519.1947,0.303525267,2.400785586,207995.6314,0.091885114,1.922439865,179081.403,-0.051017289,2.202295267,144781.5848,0.069544477,0.890994742
01/04/2013,323922.9916,0.747637112,2.666790898,209002.925,0.484285907,2.106931626,180632.4478,0.866111608,2.541676046,146536.7802,1.212305662,1.295314767
01/05/2013,327877.4894,1.220814203,4.040760095,211809.711,1.342941031,3.427013587,183232.7194,1.439537391,3.742586219,148830.7042,1.565425468,2.246446268
01/06/2013,329171.7721,0.39474581,3.275269256,213882.206,0.978470253,3.315795053,185418.6426,1.192976413,3.312506461,149844.2628,0.681014448,1.753367038
01/07/2013,329839.0029,0.202699883,2.656979336,214888.2421,0.470369238,2.807520052,186544.2385,0.607056535,2.742026286,150375.0675,0.354237595,1.493183472
01/08/2013,333788.4463,1.197385202,2.937156291,217772.457,1.342192966,3.039378,189039.5899,1.337672711,2.859031653,152145.9774,1.177661888,2.158388237
01/09/2013,336761.5663,0.890719872,3.229059713,218387.1326,0.282255878,3.01925584,189404.728,0.193154289,2.894719418,152565.4676,0.275715616,2.399351813
01/10/2013,343293.0852,1.939508395,6.863531056,222131.1318,1.714386362,6.431258625,191895.7177,1.315167655,5.943862881,154921.7649,1.544449939,5.428989252
01/11/2013,343371.9113,0.022961753,7.173543523,221764.6811,-0.16497042,6.736969985,191390.813,-0.263114133,6.217796985,154569.6196,-0.227305255,5.532408074
01/12/2013,343037.7334,-0.097322433,7.248407824,222894.0397,0.509259899,7.491164825,192197.1914,0.421325556,7.082086006,155359.468,0.510998515,6.366179818
01/01/2014,345491.0143,0.715163588,7.393384937,224507.3594,0.723805666,7.593127271,193434.297,0.64366481,7.444742307,156192.496,0.53619389,7.175826671
01/02/2014,350155.508,1.350105631,9.237123065,227442.0982,1.307190448,9.449935079,195405.128,1.018863269,9.059586534,157543.4207,0.864910138,8.890218124
01/03/2014,354315.8759,1.188148652,10.200536,229926.1646,1.092175331,10.54374702,197171.1937,0.903796999,10.10143457,159245.0135,1.080078562,9.989826176
01/04/2014,357456.867,0.886494597,10.35242214,232427.9566,1.088084923,11.20799223,199523.1694,1.192859683,10.45809977,160901.8718,1.040445962,9.803062142
01/05/2014,360332.7665,0.804544477,9.89859875,234921.0551,1.072632796,10.91137132,202274.8427,1.379124666,10.392316,163096.5919,1.364011569,9.585312225
01/06/2014,365427.9805,1.414030148,11.01437348,238400.5543,1.48113556,11.46348206,205532.6144,1.610566958,10.84786923,165190.0424,1.28356481,10.24115255
01/07/2014,370369.9526,1.352379241,12.28810097,241822.523,1.435386204,12.53408777,208524.9555,1.455895989,11.78311223,167185.2376,1.207818123,11.17882797
01/08/2014,376903.8616,1.76415741,12.91698852,245993.3466,1.724745714,12.95888837,211853.6009,1.596281552,12.06837733,169125.7023,1.160667487,11.16015371
01/09/2014,383665.3733,1.793961899,13.92789784,250116.7618,1.676230382,14.52907454,215360.3421,1.655266256,13.70378362,171507.6117,1.408366251,12.41574803
01/10/2014,387960.1671,1.11941137,13.01135497,252742.0958,1.049643343,13.78058255,217151.8743,0.831876555,13.16139666,172946.0305,0.838690958,11.63443084
01/11/2014,386417.8508,-0.397545008,12.53624367,251439.3627,-0.515439689,13.38115764,215709.9013,-0.664038909,12.7065077,172220.5541,-0.419481363,11.41940738
01/12/2014,386281.8794,-0.035187648,12.60623594,251138.7139,-0.119571094,12.67179429,215110.3375,-0.27794916,11.92168624,172452.5671,0.134718513,11.0022899
01/01/2015,384433.8334,-0.478419024,11.27173138,249849.8964,-0.513189511,11.28806514,213947.6072,-0.540527403,10.60479472,172057.0589,-0.229343185,10.15705829
01/02/2015,388244.3733,0.991208255,10.8776999,252072.7043,0.889657349,10.8293963,215899.2892,0.912224306,10.48803652,174462.1598,1.397850754,10.7390959
01/03/2015,390495.1116,0.579722053,10.21101173,253315.4441,0.493008471,10.17251756,216623.0451,0.335228442,9.865463083,175749.7835,0.738053305,10.36438737
01/04/2015,393935.1868,0.880952182,10.20495705,255096.0533,0.702921685,9.752741047,218327.4493,0.786806511,9.424609648,176537.149,0.448003657,9.717274901
01/05/2015,396229.9072,0.582512165,9.96221937,257147.8367,0.804317989,9.461383389,219748.8182,0.651026216,8.638729035,177481.005,0.53465007,8.819566905
01/06/2015,399743.3464,0.886717331,9.390459352,259910.8759,1.074494407,9.022764892,222428.3127,1.219344227,8.220446356,178007.5195,0.29665964,7.759231071
01/07/2015,403209.2296,0.867027099,8.86661478,263026.8846,1.198875858,8.768563544,224872.7471,1.098976253,7.839729073,180132.5783,1.193802844,7.744308551
01/08/2015,411973.9402,2.173737595,9.304780921,268375.9658,2.033663289,9.098871777,229880.6624,2.226999652,8.50920701,183332.2522,1.776288294,8.399994597
01/09/2015,419952.2078,1.936595222,9.457938375,272060.7863,1.373006874,8.773512128,232872.2562,1.3013682,8.131447954,186108.8746,1.514530245,8.513478098
01/10/2015,426987.2382,1.675204069,10.05955276,275726.5923,1.347424728,9.094050485,235763.7965,1.241688363,8.570922227,187847.0422,0.933962822,8.61598449
01/11/2015,429614.562,0.615316699,11.17875338,277176.2752,0.525768253,10.23583176,236507.671,0.315516852,9.641544535,188460.459,0.326551241,9.429709209
01/12/2015,436179.1265,1.528012571,12.91731116,282080.5421,1.769367493,12.32061169,240238.4363,1.577439433,11.6814911,191150.2158,1.427226062,10.84219343
01/01/2016,439508.0989,0.763212217,14.32606909,285298.8656,1.140923611,14.18810575,242346.4537,0.877468831,13.27373764,193008.8094,0.972320953,12.17720845
01/02/2016,444742.2235,1.190905159,14.55213446,288726.3784,1.201376227,14.54091235,244784.5051,1.006019008,13.37902153,195039.8259,1.052292114,11.79491518
01/03/2016,450436.8094,1.280423939,15.35017843,291856.1732,1.084000312,15.21451896,247598.8299,1.149715263,14.29939391,198187.7107,1.613970276,12.76697329
01/04/2016,454469.3502,0.895251169,15.36652819,294202.0347,0.803773127,15.32990358,250260.1016,1.074832095,14.62603532,199945.0668,0.886712957,13.25948584
01/05/2016,458367.472,0.857730408,15.682199,297768.0359,1.212092653,15.79643729,254228.0409,1.585526131,15.69028703,203601.888,1.828912965,14.71756583
01/06/2016,460880.0562,0.548159345,15.2939901,300149.0554,0.799622236,15.48152876,256314.6484,0.820762156,15.23472095,204871.2489,0.623452386,15.09134643
01/07/2016,471715.8138,2.35110143,16.99033365,307270.6837,2.372697221,16.82101836,262605.5927,2.45438344,16.77964411,210570.4003,2.781820997,16.89746087
01/08/2016,479545.0801,1.659742187,16.40180426,311537.7168,1.388688666,16.08257155,265949.4474,1.273337192,15.69022349,213397.3686,1.342528813,16.39925965
01/09/2016,482129.2801,0.538885716,14.80575659,313442.3862,0.611376813,15.21042774,267342.3341,0.523741161,14.80214383,214700.7694,0.610785776,15.36300611
01/10/2016,483207.1972,0.223574289,13.16666024,313255.6691,-0.059569812,13.61097474,266135.0271,-0.451595912,12.88205866,214719.3347,0.008647069,14.30541158
01/11/2016,479425.0587,-0.782715671,11.59422913,309678.3008,-1.141996348,11.72612108,262222.4697,-1.470139979,10.8727123,212450.9578,-1.056438099,12.72972535
01/12/2016,480133.3098,0.147729255,10.07709461,309343.1102,-0.108238342,9.66481696,261754.3892,-0.178505092,8.956082645,213014.2028,0.265117647,11.43811788
01/01/2017,479061.8424,-0.223160391,8.99954827,308233.6792,-0.358640929,8.03887303,261337.4809,-0.159274602,7.836313241,212838.2222,-0.082614479,10.27383823
01/02/2017,480920.9616,0.388074984,8.134765745,309397.0649,0.377436271,7.159264989,263078.8697,0.666337178,7.473661227,214750.3708,0.898404682,10.10590777
01/03/2017,480706.0671,-0.044683947,6.719978708,309093.5035,-0.098113847,5.90610441,262702.2696,-0.143151044,6.099964079,215048.3727,0.138766646,8.507420529
01/04/2017,478788.4492,-0.39891683,5.614023497,307779.2086,-0.425208409,5.377011916,261618.0246,-0.412727302,5.150268887,214793.5161,-0.118512945,7.66447627
01/05/2017,482195.5917,0.71161753,5.050455888,311460.6768,1.196139335,4.701148365,263980.5617,0.903048282,3.928747768,217275.7185,1.155622579,6.717089125
01/06/2017,482450.5711,0.052878839,4.680288332,312811.0377,0.433557417,4.218565896,265694.6486,0.649323182,3.659565023,218817.7847,0.709727802,6.807461856
01/07/2017,491939.4766,1.966814018,4.287255756,320244.9889,2.376499014,4.222436237,271786.1671,2.292676372,3.495955776,223832.974,2.29194774,6.298401804
01/08/2017,496869.8153,1.002224663,3.612743932,323582.9018,1.042299799,3.866366028,275315.706,1.298645521,3.521819541,225474.0276,0.7331599,5.659233409
01/09/2017,504920.4214,1.62026466,4.727184766,328287.637,1.453950502,4.736198743,278808.8044,1.26876105,4.289059335,227718.0119,0.995229639,6.062967896
01/10/2017,506829.1933,0.378034219,4.888585453,329130.2958,0.256683091,5.067627443,278716.5062,-0.033104467,4.727480016,227138.065,-0.254677658,5.783702024
01/11/2017,505179.5212,-0.325488776,5.371947626,327941.1825,-0.361289542,5.897373228,276827.9999,-0.677572474,5.569900754,225526.7211,-0.709411669,6.154718992
01/12/2017,505659.5676,0.095024921,5.316493964,329093.0327,0.351236817,6.384472581,277407.8954,0.209478643,5.980227252,225175.2763,-0.155832859,5.709041734
01/01/2018,505821.148,0.031954386,5.585772826,329807.6387,0.217144065,6.999223157,277989.549,0.209674461,6.371864086,225669.2073,0.219353983,6.028513632
01/02/2018,509150.7528,0.658257325,5.869944142,331626.7841,0.551577728,7.184852531,279635.1992,0.591982763,6.293295442,226561.3952,0.395352072,5.499883664
01/03/2018,508643.9887,-0.099531258,5.811851367,331392.1314,-0.070758063,7.214202585,279552.8695,-0.029441805,6.414334008,226161.3674,-0.176564826,5.167670329
01/04/2018,506854.3121,-0.351852489,5.861850473,330333.7456,-0.319375667,7.328154851,279113.4244,-0.157195691,6.687383219,223848.1254,-1.022828123,4.215494673
01/05/2018,503938.4904,-0.575278065,4.509145071,328955.1359,-0.417338441,5.616907823,277745.357,-0.490147487,5.214321567,221747.9694,-0.938205746,2.058329811
01/06/2018,506284.0988,0.465455296,4.940097316,330563.5152,0.488935757,5.675144225,278519.8987,0.278867572,4.827063763,221951.254,0.09167372,1.431999378
01/07/2018,514430.8492,1.609126265,4.571979631,335002.9148,1.342979295,4.608323749,282118.6426,1.292095768,3.80169293,224935.1693,1.344401189,0.492418665
01/08/2018,523948.1855,1.85007106,5.449791744,340907.5933,1.762575264,5.354019455,287384.27,1.866458534,4.383536366,228945.6732,1.782959907,1.539709765
01/09/2018,528002.7172,0.773842117,4.571472038,342866.8093,0.57470588,4.440975118,289502.2542,0.736986821,3.835406084,230642.9097,0.741327199,1.284438499
01/10/2018,522895.4297,-0.967284328,3.169950859,339627.2461,-0.944845961,3.1892993,286401.8898,-1.070929304,2.757419589,228580.1261,-0.894362473,0.634883053
01/11/2018,523209.6409,0.060090629,3.569051972,338969.2743,-0.193733493,3.362826147,285353.2627,-0.366138307,3.079624474,227042.0277,-0.672892463,0.671896692
01/12/2018,523067.133,-0.027237246,3.442546417,339625.7988,0.193682588,3.200543639,284903.8165,-0.15750519,2.702129688,226559.7775,-0.212405683,0.614854867
01/01/2019,523389.3316,0.061597944,3.473200672,339603.3985,-0.00659559,2.970143399,284472.8095,-0.151281612,2.33219577,226038.2929,-0.230175249,0.163551634
01/02/2019,519038.3079,-0.831316848,1.941970036,336879.9668,-0.801944767,1.584064646,281692.0663,-0.977507543,0.735553723,225007.4797,-0.456034789,-0.685869479
01/03/2019,516978.9928,-0.396755886,1.638671519,335504.7345,-0.408226211,1.241008045,280806.7411,-0.314288277,0.448527547,223419.752,-0.705633318,-1.212238634
01/04/2019,518833.6124,0.358741771,2.363460272,337228.5529,0.51379854,2.08722462,283026.463,0.790480242,1.401952811,224633.3066,0.5431725,0.350765167
01/05/2019,514262.5861,-0.881019703,2.048681699,335611.7203,-0.479447119,2.023553871,282403.7949,-0.220003458,1.677233413,222457.9201,-0.968416735,0.320161078
01/06/2019,510059.2399,-0.817354072,0.74565665,333532.5255,-0.61952388,0.898166379,280724.8316,-0.594525762,0.79166081,221109.1692,-0.606294837,-0.379400787
01/07/2019,508778.0713,-0.251180349,-1.098841166,333317.5978,-0.06443983,-0.503075326,280651.8238,-0.026006887,-0.519929741,221236.2511,0.057474727,-1.644437472
01/08/2019,520334.9457,2.271496169,-0.689617773,340743.3815,2.227840286,-0.048169004,287191.8371,2.330294247,-0.066960138,225785.8874,2.056460578,-1.38014655
01/09/2019,529920.1701,1.842125819,0.363152079,346126.5256,1.57982352,0.950723785,292754.9745,1.937080611,1.12355612,229991.7661,1.862773061,-0.282316794
01/10/2019,534698.0951,0.901631083,2.257175083,349846.1971,1.074656611,3.008872584,294665.4134,0.652572622,2.885289476,230342.2678,0.152397499,0.770907642
01/11/2019,532090.1867,-0.487734747,1.697320749,348372.5024,-0.421240742,2.774065032,292314.4571,-0.797839226,2.439500533,228193.5161,-0.932851675,0.507169713
01/12/2019,531936.3921,-0.028903846,1.6956254,348510.2395,0.039537294,2.615949889,291419.1916,-0.306267964,2.286868286,226383.2475,-0.793304114,-0.077917618
01/01/2020,528192.6506,-0.703794965,0.917733459,345711.2142,-0.803140039,1.798514322,289628.79,-0.614373247,1.812468676,224488.3524,-0.837029725,-0.685698208
01/02/2020,531063.1141,0.543450097,2.316747339,346500.4873,0.228304156,2.855771034,290712.8645,0.374297899,3.202361474,224593.0751,0.046649476,-0.184173714
01/03/2020,531509.4877,0.084052844,2.810654799,346622.7282,0.035278724,3.313811295,290769.3164,0.019418451,3.547840498,224461.5662,-0.058554305,0.466303533
01/04/2020,538806.4972,1.372884147,3.849574179,349482.398,0.825009295,3.633691448,293447.8632,0.921193077,3.682129289,225090.8307,0.28034403,0.203676005
01/05/2020,541400.2036,0.481379946,5.276996283,351264.7796,0.510006133,4.664038347,294317.8044,0.296455113,4.218785194,226749.859,0.737048326,1.929326174
01/06/2020,546513.7525,0.944504425,7.147113466,355415.7958,1.181734249,6.56106035,298319.4257,1.359625951,6.267558857,229059.3935,1.018538478,3.595610419
01/07/2020,544662.1386,-0.338804637,7.052990152,356131.0725,0.201250662,6.844365517,299228.5205,0.304738732,6.619125585,230374.8428,0.574283052,4.130693621
01/08/2020,552451.5188,1.43013066,6.172288324,361805.2813,1.593292264,6.181161828,304671.1739,1.818895255,6.086293018,232614.8744,0.972342115,3.024541135
01/09/2020,557551.7748,0.923204269,5.214295716,364171.1628,0.653910161,5.21330667,306580.638,0.626729484,4.722605802,233403.3024,0.338941367,1.483329793
01/10/2020,568819.3907,2.020909338,6.381413354,370396.9602,1.709580013,5.874227942,311965.7004,1.756491381,5.871163121,236261.6802,1.224651809,2.569833367
01/11/2020,571377.3411,0.449694665,7.383551789,371186.0978,0.213051843,6.548621138,313369.1231,0.449864419,7.202745367,237206.54,0.399920868,3.949728316
01/12/2020,577503.9566,1.072253838,8.566355896,375055.5715,1.042461912,7.61680116,317326.6714,1.262903057,8.890107631,239296.2101,0.880949618,5.70402745
01/01/2021,574446,-0.5,8.8,374949,0,8.5,317544,0.1,9.6,241243,0.8,7.5
01/02/2021,569460,-0.9,7.2,374097,-0.2,8,317263,-0.1,9.1,242219,0.4,7.8
01/03/2021,566076,-0.6,6.5,374352,0.1,8,318084,0.3,9.4,245222,1.2,9.2
01/04/2021,569126,0.5,5.6,375982,0.4,7.6,319577,0.5,8.9,246106,0.4,9.3
01/05/2021,571154,0.4,5.5,376506,0.1,7.2,319904,0.1,8.7,246333,0.1,8.6
01/06/2021,576185,0.9,5.4,379961,0.9,6.9,324225,1.4,8.7,248226,0.8,8.4
01/07/2021,567887,-1.4,4.3,372307,-2,4.5,316780,-2.3,5.9,243888,-1.7,5.9
01/08/2021,573926,1.1,3.9,374756,0.7,3.6,317514,0.2,4.2,243239,-0.3,4.6
01/09/2021,571337,-0.5,2.5,371878,-0.8,2.1,313264,-1.3,2.2,239585,-1.5,2.6
01/10/2021,585645,2.5,3,380078,2.2,2.6,319536,2,2.4,241615,0.8,2.3
01/11/2021,594162,1.5,4,385035,1.3,3.7,323492,1.2,3.2,244380,1.1,3
01/12/2021,602609,1.4,4.3,389117,1.1,3.7,326386,0.9,2.9,245597,0.5,2.6
01/01/2022,616328,2.3,7.3,400459,2.9,6.8,336205,3,5.9,251609,2.4,4.3
01/02/2022,620619,0.7,9,404406,1,8.1,339718,1,7.1,254515,1.2,5.1
01/03/2022,633503,2.1,11.9,413291,2.2,10.4,345895,1.8,8.7,258332,1.5,5.3
01/04/2022,638128,0.7,12.1,416316,0.7,10.7,349480,1,9.4,260197,0.7,5.7
01/05/2022,645870,1.2,13.1,422114,1.4,12.1,354621,1.5,10.9,261917,0.7,6.3
01/06/2022,637477,-1.3,10.6,417302,-1.1,9.8,352067,-0.7,8.6,259398,-1,4.5
01/07/2022,641912,0.7,13,421901,1.1,13.3,355898,1.1,12.3,261522,0.8,7.2
01/08/2022,646147,0.7,12.6,425501,0.9,13.5,360104,1.2,13.4,263104,0.6,8.2
01/09/2022,664879,2.9,16.4,437535,2.8,17.7,370222,2.8,18.2,269330,2.4,12.4
01/10/2022,670496,0.8,14.5,440077,0.6,15.8,372001,0.5,16.4,269911,0.2,11.7
01/11/2022,676270,0.9,13.8,442910,0.6,15,373557,0.4,15.5,270725,0.3,10.8
01/12/2022,673136,-0.5,11.7,441232,-0.4,13.4,372189,-0.4,14,269740,-0.4,9.8
01/01/2023,668392,-0.7,8.4,438538,-0.6,9.5,369140,-0.8,9.8,267529,-0.8,6.3
01/02/2023,666458,-0.3,7.4,436863,-0.4,8,367087,-0.6,8.1,267574,0,5.1
01/03/2023,663283,-0.5,4.7,433397,-0.8,4.9,362122,-1.4,4.7,265282,-0.9,2.7
01/04/2023,654216,-1.4,2.5,426240,-1.7,2.4,356047,-1.7,1.9,261711,-1.3,0.6
01/05/2023,648031,-0.9,0.3,422137,-1,0,353038,-0.8,-0.4,260206,-0.6,-0.7
01/06/2023,641012,-1.1,0.6,417857,-1,0.1,351290,-0.5,-0.2,258205,-0.8,-0.5
01/07/2023,648103,1.1,1,424935,1.7,0.7,357633,1.8,0.5,261819,1.4,0.1
01/08/2023,652109,0.6,0.9,428558,0.9,0.7,360951,0.9,0.2,262062,0.1,-0.4
01/09/2023,659719,1.2,-0.8,434147,1.3,-0.8,365751,1.3,-1.2,264690,1,-1.7
01/10/2023,660387,0.1,-1.5,434863,0.2,-1.2,366418,0.2,-1.5,265915,0.5,-1.5
01/11/2023,661020,0.1,-2.3,434895,0,-1.8,365234,-0.3,-2.2,266033,0,-1.7
01/12/2023,658706,-0.4,-2.1,434792,0,-1.5,364082,-0.3,-2.2,265550,-0.2,-1.6
01/01/2024,651474,-1.1,-2.5,429683,-1.2,-2,360193,-1.1,-2.4,261894,-1.4,-2.1
01/02/2024,641253,-1.6,-3.8,425242,-1,-2.7,357006,-0.9,-2.7,259218,-1,-3.1
01/03/2024,633788,-1.2,-4.4,421221,-0.9,-2.8,354277,-0.8,-2.2,257659,-0.6,-2.9
01/04/2024,634328,0.1,-3,422827,0.4,-0.8,355765,0.4,-0.1,258426,0.3,-1.3
01/05/2024,641173,1.1,-1.1,427553,1.1,1.3,360043,1.2,2,261514,1.2,0.5
01/06/2024,647143,0.9,1,431112,0.8,3.2,363354,0.9,3.4,263077,0.6,1.9
01/07/2024,653036,0.9,0.8,435390,1,2.5,366848,1,2.6,264705,0.6,1.1
01/08/2024,652651,-0.1,0.1,436741,0.3,1.9,368863,0.5,2.2,265749,0.4,1.4
01/09/2024,658184,0.8,-0.2,440209,0.8,1.4,372197,0.9,1.8,268208,0.9,1.3
