Date,NewPrice,New1m%Change,New12m%Change,NewSalesVolume,OldPrice,Old1m%Change,Old12m%Change,OldSalesVolume
01/01/1995,46270.35777,0.540529543,-8.26205085,14,43930.81312,0.593155588,-14.64063093,324
01/02/1995,46511.48585,0.521128622,-7.55640257,20,43691.00877,-0.545868219,-13.65537345,253
01/03/1995,46770.58318,0.557060967,-6.919042834,53,43822.70241,0.301420457,-12.76546347,418
01/04/1995,47109.37347,0.724366169,-6.213394555,41,44081.09993,0.589643058,-11.78020598,359
01/05/1995,47339.12812,0.487704762,-5.530509123,21,44484.4391,0.914993436,-10.826731,421
01/06/1995,47738.67675,0.844013482,-4.824860844,37,44865.37461,0.85633429,-9.841473519,458
01/07/1995,47341.1271,-0.832762178,-4.141975412,28,44639.34729,-0.503790105,-8.887998537,407
01/08/1995,47127.79719,-0.45062281,-3.436327133,23,44640.27372,0.002075368,-7.902741055,489
01/09/1995,46557.71896,-1.209643265,-2.730678853,22,44571.15335,-0.154838582,-6.917483573,478
01/10/1995,46654.64787,0.20819085,-2.047793422,30,44307.79291,-0.590876449,-5.964008591,372
01/11/1995,46851.30384,0.421514201,-1.342145142,21,44150.55651,-0.354873009,-4.978751109,436
01/12/1995,46565.65624,-0.609689751,-0.659259711,57,43284.65471,-1.961247753,-4.025276127,379
01/01/1996,46820.70788,0.547724791,1.189422639,20,43257.17644,-0.06348271,-1.53340362,355
01/02/1996,46838.28632,0.037544154,0.70262316,14,42926.14803,-0.765256633,-1.750613604,331
01/03/1996,47255.83055,0.891459228,1.037505481,35,43115.41686,0.440917343,-1.61397064,479
01/04/1996,47628.4213,0.788454562,1.101793117,22,43502.76639,0.898401452,-1.311976205,472
01/05/1996,47982.98855,0.744444676,1.360101989,44,44244.51989,1.705072018,-0.539332902,526
01/06/1996,49017.3946,2.155776632,2.678578337,38,45302.32304,2.390811685,0.973910133,492
01/07/1996,49848.10222,1.694720052,5.295554345,57,46370.06404,2.356923284,3.877110335,630
01/08/1996,49986.61525,0.277870219,6.066097361,35,46569.02293,0.429067548,4.320648268,670
01/09/1996,50012.62154,0.052026509,7.420686954,38,47000.49319,0.926517742,5.450475604,623
01/10/1996,49340.03821,-1.344827182,5.75589027,36,46416.27987,-1.242994021,4.758727143,545
01/11/1996,50081.98458,1.50374098,6.895604776,44,47082.52581,1.435371245,6.640843359,666
01/12/1996,49713.77522,-0.735213212,6.76060262,46,46776.26212,-0.650482714,8.066617208,555
01/01/1997,50228.87636,1.036133625,7.2791904,32,47583.15524,1.725005556,10.00060372,554
01/02/1997,50029.73511,-0.39646766,6.813760781,25,47376.39062,-0.434533224,10.36720693,484
01/03/1997,50896.56304,1.732625481,7.704303267,49,48009.141,1.335581657,11.35028837,513
01/04/1997,51357.58765,0.905806951,7.82970808,49,48153.25593,0.300182266,10.69010071,591
01/05/1997,52026.31741,1.302105077,8.42658822,48,49014.55199,1.788655924,10.78106875,660
01/06/1997,52151.53656,0.240684257,6.393938289,42,49520.0686,1.03136024,9.310219155,662
01/07/1997,52503.06971,0.674060965,5.326115497,36,50433.50923,1.844586766,8.763078666,829
01/08/1997,52809.61248,0.58385684,5.647506269,49,51115.44767,1.352153465,9.762765994,777
01/09/1997,53797.7268,1.871088006,7.568300055,34,52191.93632,2.105994765,11.04550777,688
01/10/1997,54002.92716,0.381429431,9.45051752,35,52292.16675,0.192041974,12.65910773,673
01/11/1997,54249.78619,0.457121561,8.321957765,42,52355.36697,0.120859825,11.19914675,574
01/12/1997,53763.07164,-0.897173216,8.145220119,55,51664.1802,-1.320183208,10.44956965,657
01/01/1998,54468.93929,1.312922846,8.441484734,31,51910.84765,0.477443829,9.095009329,518
01/02/1998,55185.13814,1.314875719,10.30467786,39,51972.67511,0.119103172,9.701634997,476
01/03/1998,55441.87494,0.465228157,8.930488875,26,52059.07173,0.166234697,8.435749201,568
01/04/1998,56510.77209,1.927959959,10.0339301,27,53260.30147,2.307435959,10.60581563,634
01/05/1998,56763.9816,0.448072994,9.106283959,32,54111.49517,1.59817665,10.39883661,699
01/06/1998,58234.32711,2.590279016,11.66368423,41,55735.94662,3.002045016,12.55224033,689
01/07/1998,59290.01472,1.812827012,12.92675846,32,56918.96899,2.122548281,12.85942594,941
01/08/1998,60363.05706,1.809819663,14.30316231,29,57821.05914,1.584867334,13.11856156,765
01/09/1998,60263.77083,-0.164481791,12.01917703,27,58010.73325,0.328036382,11.14884279,715
01/10/1998,59314.89611,-1.574535918,9.836446325,24,56885.25327,-1.940123691,8.783507761,711
01/11/1998,60220.27946,1.526401316,11.00556093,22,57472.57011,1.032458866,9.773980092,639
01/12/1998,61682.92607,2.428827336,14.73103042,36,58278.25287,1.401856155,12.80204707,658
01/01/1999,63378.36411,2.748634258,16.35689063,22,59424.35529,1.966603946,14.47386816,516
01/02/1999,63170.8457,-0.327427842,14.47075757,28,59060.01728,-0.613112277,13.63666994,520
01/03/1999,63317.56923,0.232264627,14.20531736,50,59109.31275,0.083466752,13.5427713,672
01/04/1999,64524.4452,1.906068064,14.18078855,45,60705.90195,2.70107893,13.97964388,675
01/05/1999,66069.4406,2.394434226,16.39324573,44,62105.01002,2.304731542,14.77230451,704
01/06/1999,67506.36139,2.174864485,15.92193943,38,63639.19615,2.470309768,14.17980677,766
01/07/1999,68605.05424,1.627539719,15.71097522,23,64795.49024,1.816952701,13.83813056,1033
01/08/1999,69889.40366,1.872091551,15.78174974,13,66664.47391,2.884434802,15.29445309,885
01/09/1999,71886.57206,2.857612594,19.28654825,20,68846.63627,3.273351205,18.67913473,857
01/10/1999,72826.35854,1.307318534,22.7792061,13,69536.88637,1.002590892,22.24062015,809
01/11/1999,74201.33411,1.888019116,23.21652237,18,70752.9477,1.748800365,23.107332,801
01/12/1999,74924.49443,0.974592069,21.46715339,19,70893.32261,0.198401506,21.64627303,700
01/01/2000,74942.81599,0.024453363,18.24668724,9,71188.22741,0.415983892,19.79638157,580
01/02/2000,75850.91152,1.211717913,20.07265484,12,71758.08288,0.800491166,21.50027412,570
01/03/2000,77068.60252,1.605374248,21.71756347,24,73350.48544,2.21912639,24.09294242,709
01/04/2000,79340.0467,2.947301643,22.96122262,11,75402.67017,2.797779342,24.2097848,670
01/05/2000,81017.04151,2.113680133,22.6240767,15,77220.43486,2.410743134,24.33849514,682
01/06/2000,82664.10907,2.03298902,22.45380637,13,78880.14943,2.149320415,23.94900346,813
01/07/2000,83900.93946,1.496212086,22.2955661,11,80362.07319,1.878703032,24.02417652,748
01/08/2000,85311.07144,1.680710604,22.06581681,13,81545.16158,1.47219745,22.3217657,720
01/09/2000,86222.61708,1.068496299,19.94259096,7,82373.0399,1.015239044,19.64715252,598
01/10/2000,85721.51371,-0.581173935,17.70671419,9,81333.76365,-1.261670394,16.96492018,558
01/11/2000,85552.96817,-0.196619883,15.29842312,8,80595.81195,-0.907312853,13.91159602,569
01/12/2000,86464.08339,1.064972074,15.40162405,13,80551.61733,-0.054834891,13.62370159,619
01/01/2001,89538.52309,3.555741975,19.47579219,14,82677.25829,2.63885572,16.13894782,541
01/02/2001,91382.90732,2.059877873,20.47700613,14,83857.1704,1.427130186,16.8609403,509
01/03/2001,92132.1585,0.819902985,19.54564569,67,84603.73037,0.890275654,15.34174568,675
01/04/2001,92459.29484,0.355072911,16.53546813,26,85191.64445,0.694903259,12.98226477,674
01/05/2001,92596.09923,0.147961749,14.29212608,38,86229.17217,1.217874972,11.66626078,804
01/06/2001,93981.20537,1.495857982,13.69045942,46,87623.30613,1.616777631,11.08410261,854
01/07/2001,95178.53319,1.274007732,13.44155835,31,89380.45154,2.005340229,11.2221823,851
01/08/2001,97772.34354,2.725205207,14.60686389,30,91518.99119,2.392625695,12.23105015,929
01/09/2001,101375.2401,3.684985341,17.57383792,43,94331.2516,3.072870851,14.51714263,785
01/10/2001,103124.3498,1.725381628,20.30159685,25,95034.02671,0.745007733,16.84449662,709
01/11/2001,104135.0775,0.980105744,21.72000544,33,95640.23504,0.637885548,18.66650725,772
01/12/2001,104619.798,0.465472851,20.99798428,83,95727.37201,0.091109116,18.83978893,661
01/01/2002,106156.9257,1.469251225,18.56005887,21,96743.78716,1.061781104,17.01378246,558
01/02/2002,107114.919,0.902431324,17.21548611,27,96588.56509,-0.160446553,15.1822374,567
01/03/2002,108134.9017,0.952232137,17.36933496,61,97793.13041,1.24710966,15.58961996,700
01/04/2002,110035.1906,1.75733168,19.00933356,35,99543.43069,1.789798802,16.84647166,783
01/05/2002,112144.7193,1.917140025,21.11171012,37,102511.9381,2.982122919,18.88312919,926
01/06/2002,113757.3049,1.437950565,21.04261108,62,104181.4786,1.628630285,18.8969958,726
01/07/2002,117385.5919,3.189498045,23.33200354,70,108810.1498,4.44289256,21.73819656,957
01/08/2002,121920.7342,3.863457315,24.69859037,136,113223.457,4.055970184,23.71580536,913
01/09/2002,125868.3155,3.237826066,24.16080632,101,118044.223,4.257744927,25.13798027,712
01/10/2002,127294.8051,1.133319042,23.43816496,68,119225.1496,1.000410281,25.45522238,710
01/11/2002,129637.2985,1.840211364,24.48955878,74,122031.9022,2.354161587,27.59473268,738
01/12/2002,130673.0213,0.798938911,24.90276584,76,122653.8064,0.509624293,28.12824991,632
01/01/2003,131184.2929,0.391260257,23.57582146,24,124074.1797,1.158034384,28.25028185,597
01/02/2003,131113.2115,-0.054184381,22.40424838,64,123884.0829,-0.153212218,28.25957481,542
01/03/2003,133071.0725,1.49325982,23.06024266,67,125941.7477,1.660959799,28.78383909,504
01/04/2003,136776.839,2.784802479,24.30281461,60,129287.9771,2.656965962,29.88097375,570
01/05/2003,137314.8849,0.393375053,22.44436102,36,130766.4565,1.143555202,27.56217356,643
01/06/2003,138761.4853,1.053491303,21.98028551,74,131461.467,0.53148995,26.1850655,593
01/07/2003,138225.4446,-0.386303669,17.753331,120,130549.5284,-0.69369272,19.97918271,737
01/08/2003,139838.2268,1.166776637,14.69601767,66,132111.0653,1.196126008,16.68170957,761
01/09/2003,139763.6903,-0.053301953,11.03961293,101,134013.5254,1.440046001,13.5282371,706
01/10/2003,141928.5026,1.548908928,11.49591101,80,136539.9813,1.885224591,14.52280147,792
01/11/2003,142738.5313,0.57073016,10.10606744,90,137039.1133,0.365557399,12.29777691,754
01/12/2003,144318.8951,1.107173927,10.4427629,72,137816.808,0.567498344,12.36243865,779
01/01/2004,144186.2854,-0.091886639,9.911241752,55,137634.7958,-0.13206825,10.92944246,615
01/02/2004,144621.1854,0.301623746,10.3025269,61,137548.6086,-0.062620188,11.0300899,611
01/03/2004,143744.6041,-0.60612239,8.020925508,69,136513.4318,-0.752589838,8.394106198,711
01/04/2004,143164.7701,-0.403377887,4.670331008,58,137212.3437,0.511973052,6.129237106,799
01/05/2004,145391.2999,1.555221825,5.881674746,74,140086.1818,2.094445735,7.127000006,835
01/06/2004,150432.0494,3.467022818,8.410521158,125,144693.3906,3.288838831,10.06524864,854
01/07/2004,153657.867,2.144368594,11.16467555,71,148712.5181,2.77768565,13.9127195,979
01/08/2004,156320.3316,1.732722593,11.78655163,60,152474.1023,2.529433488,15.4135742,840
01/09/2004,155574.6082,-0.477048263,11.31260762,100,153135.9485,0.434071174,14.26902474,672
01/10/2004,156204.5088,0.404886549,10.05859006,94,152168.7972,-0.631563841,11.44632929,635
01/11/2004,157577.3034,0.878844366,10.39577182,57,152192.1895,0.015372587,11.05748263,589
01/12/2004,158811.7502,0.783391281,10.04224364,142,151819.012,-0.245201451,10.16001183,497
01/01/2005,161205.7982,1.507475368,11.80383614,104,152397.4271,0.380989895,10.72594416,427
01/02/2005,161441.0774,0.145949583,11.63030985,67,150846.6514,-1.017586568,9.667886061,450
01/03/2005,162425.9883,0.61007451,12.99623339,65,150963.3296,0.0773489,10.58496417,481
01/04/2005,163369.9038,0.581135799,14.11320238,98,151147.5857,0.12205358,10.1559682,581
01/05/2005,163112.1668,-0.157762888,12.18839568,87,151030.6228,-0.077383281,7.812648481,621
01/06/2005,162518.8085,-0.363773161,8.034696818,126,150798.8685,-0.153448546,4.219596966,660
01/07/2005,163215.4076,0.428626772,6.220013835,102,152364.2778,1.0380776,2.455583223,830
01/08/2005,164099.9547,0.541950716,4.976718639,72,153705.5623,0.880314302,0.80765187,733
01/09/2005,164425.1401,0.198163008,5.688930871,78,154216.5679,0.332457444,0.705660171,757
01/10/2005,164182.1574,-0.147777069,5.107182025,91,153380.4658,-0.542160992,0.796266135,657
01/11/2005,164068.2083,-0.069404086,4.119187731,96,152644.795,-0.479637871,0.297390766,695
01/12/2005,167469.2444,2.072940375,5.451419188,139,154730.3551,1.366283123,1.917640623,785
01/01/2006,166763.4782,-0.421430353,3.447568288,88,154260.5549,-0.303625088,1.222545427,619
01/02/2006,168266.7032,0.90141138,4.227936203,75,154929.7164,0.433786533,2.706765447,537
01/03/2006,167619.3716,-0.384705664,3.197384491,110,154633.8818,-0.190947611,2.431419755,697
01/04/2006,170645.9962,1.805653189,4.453753202,107,157035.1846,1.552895655,3.895264931,688
01/05/2006,173243.5735,1.522202329,6.2113127,75,160156.3851,1.987580347,6.042325829,817
01/06/2006,175344.3086,1.212590511,7.891702054,139,162907.4825,1.717756934,8.029645154,897
01/07/2006,177574.4876,1.271885591,8.797625316,78,166528.809,2.222934382,9.29649089,944
01/08/2006,178176.7562,0.339163898,8.578187319,85,169319.2843,1.675671211,10.15820231,1004
01/09/2006,179076.7168,0.505094291,8.91078865,81,170908.1534,0.938386382,10.823471,910
01/10/2006,179510.1034,0.242011671,9.335938915,128,171299.8599,0.229191258,11.68297021,916
01/11/2006,181209.0134,0.946414749,10.44736535,102,172855.3533,0.908052892,13.24025379,839
01/12/2006,182807.4617,0.88210194,9.15882632,119,174504.8309,0.954253139,12.77995892,901
01/01/2007,184530.9501,0.942788868,10.65429437,78,176122.0625,0.926754663,14.1718067,704
01/02/2007,185058.0464,0.28564116,9.979005309,58,175780.0286,-0.194202796,13.4579167,642
01/03/2007,184302.5085,-0.4082708,9.952988519,70,175791.6846,0.006631017,13.68251415,729
01/04/2007,185391.3698,0.590801128,8.640913888,57,178063.1556,1.292137936,13.39061117,725
01/05/2007,189813.5476,2.385320251,9.564553424,95,182027.078,2.226132835,13.65583575,781
01/06/2007,194903.257,2.68142578,11.15459553,60,186999.7025,2.731804823,14.78889711,836
01/07/2007,199052.0518,2.128643136,12.09496054,42,190148.8375,1.684032093,14.18374916,979
01/08/2007,198092.0909,-0.482266291,11.1772911,33,191749.5489,0.841820256,13.24731837,996
01/09/2007,198121.9553,0.015076038,10.63523995,29,192320.6299,0.297826516,12.52864543,758
01/10/2007,199054.496,0.470690215,10.8876282,54,193463.6086,0.594308931,12.9385679,831
01/11/2007,197784.255,-0.638137284,9.147029316,47,191420.1421,-1.056253686,10.74007169,748
01/12/2007,197873.832,0.04529023,8.24166047,41,190515.1081,-0.47279978,9.174689966,603
01/01/2008,197188.5093,-0.34634325,6.859315059,41,189255.1139,-0.66136182,7.456789443,422
01/02/2008,198268.3455,0.547616175,7.138462406,16,187784.6596,-0.776969402,6.829348651,475
01/03/2008,193135.2006,-2.588988598,4.792496995,92,181955.6608,-3.104086794,3.50640942,382
01/04/2008,191632.714,-0.777945512,3.366577562,109,179827.5776,-1.169561416,0.990896704,443
01/05/2008,192228.5728,0.310937905,1.27231441,198,181292.75,0.814765169,-0.403416884,469
01/06/2008,193626.4316,0.727185788,-0.655107277,139,183243.0641,1.075781597,-2.008900748,399
01/07/2008,190047.7256,-1.848252859,-4.52360385,71,180882.4143,-1.288261438,-4.873247336,410
01/08/2008,186065.8652,-2.095189678,-6.071027677,69,179163.698,-0.950184324,-6.56369259,351
01/09/2008,182775.5879,-1.768340137,-7.745919655,57,176503.5104,-1.484780468,-8.224348856,308
01/10/2008,178085.5758,-2.565994776,-10.53426102,94,172028.5473,-2.535339457,-11.07963482,310
01/11/2008,170431.7872,-4.297814994,-13.82944653,42,163357.7001,-5.040353645,-14.66013017,256
01/12/2008,162371.8619,-4.729120931,-17.94172059,103,156463.3726,-4.220387252,-17.87350929,274
01/01/2009,159524.0278,-1.753896294,-19.10074862,40,153417.5125,-1.946692078,-18.93613372,217
01/02/2009,159997.6769,0.296913949,-19.30246024,28,153157.0173,-0.169794957,-18.44008045,233
01/03/2009,163116.6326,1.949375608,-15.54277413,61,154171.9907,0.662701242,-15.26947275,275
01/04/2009,161192.6749,-1.179498208,-15.88457341,115,151852.2095,-1.504671019,-15.55677303,269
01/05/2009,160728.6526,-0.287868076,-16.38670032,74,152373.6174,0.343365405,-15.95162112,398
01/06/2009,161307.7043,0.36026661,-16.6912787,99,154662.8124,1.502356542,-15.59690774,383
01/07/2009,161701.6303,0.244207808,-14.91525099,84,157186.6211,1.631813501,-13.1001089,501
01/08/2009,161048.3658,-0.403993746,-13.44550726,55,158586.8528,0.89080843,-11.48494113,474
01/09/2009,163227.4399,1.3530557,-10.69516349,66,161515.87,1.846948332,-8.491412084,504
01/10/2009,164702.4889,0.903677127,-7.514975206,67,163940.6612,1.501271151,-4.701479049,527
01/11/2009,166212.8857,0.917045499,-2.475419401,66,165954.4948,1.228391828,1.589637175,487
01/12/2009,164535.4004,-1.009238999,1.332459028,129,165238.0396,-0.431717876,5.608128545,697
01/01/2010,164178.2104,-0.217090115,2.917543253,16,168143.3211,1.758240109,9.5985187,255
01/02/2010,165653.3671,0.898509454,3.534857674,26,170352.8033,1.314046977,11.2275535,328
01/03/2010,166426.567,0.466757735,2.029182632,31,170992.1274,0.375294101,10.90998212,396
01/04/2010,166805.8413,0.227892895,3.482271426,68,169575.4707,-0.828492348,11.67138842,421
01/05/2010,167060.7142,0.15279614,3.939597262,59,170444.0647,0.512216789,11.85930187,435
01/06/2010,168418.5314,0.812768709,4.408237766,86,173612.1279,1.858711377,12.25201791,482
01/07/2010,169892.6027,0.875242907,5.065485343,30,177020.5568,1.963243523,12.61808133,551
01/08/2010,170043.2013,0.088643453,5.585176527,44,177838.0731,0.461820015,12.13922847,508
01/09/2010,170761.7721,0.422581292,4.615849022,65,177988.5351,0.084606151,10.19879043,450
01/10/2010,171645.9166,0.517764862,4.215739329,67,176359.8237,-0.91506536,7.575401011,452
01/11/2010,172722.0734,0.626963248,3.916175107,21,176115.3124,-0.138643398,6.122652825,437
01/12/2010,171667.7864,-0.610395048,4.334864058,58,173797.6021,-1.31601862,5.180140423,411
01/01/2011,171050.5168,-0.359572175,4.185882169,19,172408.7165,-0.799139666,2.536761728,316
01/02/2011,168925.7862,-1.242165544,1.975461874,25,169114.0399,-1.910968729,-0.727175276,280
01/03/2011,170629.0225,1.008274896,2.525110971,55,169757.2332,0.380331111,-0.72219359,360
01/04/2011,172889.6894,1.324901746,3.647263207,39,171447.6176,0.995765756,1.104019878,388
01/05/2011,175544.0539,1.535293682,5.077997966,27,172976.0593,0.891491952,1.485528164,436
01/06/2011,176367.2805,0.468957254,4.71964039,51,174776.6088,1.040924094,0.670737036,416
01/07/2011,176764.8981,0.225448672,4.045082226,36,175185.4361,0.233914222,-1.03667094,531
01/08/2011,175675.8385,-0.616106277,3.312474199,29,176388.1909,0.686560931,-0.815282265,514
01/09/2011,172392.447,-1.869005734,0.954941437,54,174299.4183,-1.184190684,-2.072670997,463
01/10/2011,171818.36,-0.333011714,0.100464624,35,174587.0875,0.165043115,-1.00518139,492
01/11/2011,172104.1703,0.166344485,-0.357744099,80,173494.6804,-0.625709033,-1.488020556,504
01/12/2011,172574.0017,0.272992437,0.52788898,103,172892.3054,-0.347200821,-0.520891364,490
01/01/2012,171694.1681,-0.509829769,0.376293096,40,172212.3817,-0.393264302,-0.113877561,371
01/02/2012,171853.4512,0.092771423,1.733107216,39,172596.6687,0.223147124,2.059337472,349
01/03/2012,173153.6389,0.756567728,1.479593804,74,173229.1519,0.366451578,2.045225784,509
01/04/2012,174469.4252,0.759895217,0.913724684,29,174165.7083,0.540645975,1.585376795,344
01/05/2012,174961.2511,0.281898043,-0.331998038,30,174695.4116,0.304137534,0.993982827,389
01/06/2012,176031.4129,0.611656489,-0.190436425,62,177195.0206,1.430838364,1.383715952,462
01/07/2012,175727.3045,-0.172758036,-0.586990775,26,179083.1213,1.065549567,2.224891139,502
01/08/2012,175865.224,0.078484947,0.107803936,53,181013.1928,1.077751746,2.622058726,543
01/09/2012,175764.508,-0.057268819,1.956037567,45,181377.8123,0.201432529,4.061054244,458
01/10/2012,175217.0444,-0.311475625,1.978068274,54,178395.4545,-1.644279264,2.181356614,486
01/11/2012,176201.4138,0.56180001,2.380676464,51,177432.9028,-0.539560671,2.269938443,500
01/12/2012,177587.5898,0.786699673,2.905181548,67,176691.3753,-0.417919956,2.197362041,423
01/01/2013,176143.6093,-0.813108906,2.59149232,27,177298.8694,0.34381652,2.953613263,292
01/02/2013,173988.4147,-1.223543968,1.242316366,29,176505.717,-0.447353337,2.264845776,361
01/03/2013,173083.2738,-0.520230563,-0.040637385,51,176690.3514,0.104605337,1.99804681,407
01/04/2013,175824.4185,1.58371436,0.776636554,56,178143.4241,0.822383724,2.283868527,388
01/05/2013,178442.7477,1.489172685,1.989867259,40,180713.5812,1.44274599,3.444950019,504
01/06/2013,178831.0815,0.21762373,1.590436913,92,182566.1572,1.025144863,3.031200664,482
01/07/2013,178514.1171,-0.177242356,1.585873388,49,183559.2333,0.543954084,2.49946053,644
01/08/2013,180383.9878,1.04746378,2.569447041,44,185955.8613,1.305642884,2.73055707,698
01/09/2013,181635.2663,0.693674928,3.340127249,43,186386.4735,0.231566854,2.761451997,603
01/10/2013,185735.0938,2.257175956,6.002868853,38,189046.0593,1.426919987,5.970222083,637
01/11/2013,186034.1997,0.161038947,5.580423924,26,188568.7791,-0.252467696,6.276105574,662
01/12/2013,187960.8331,1.035633982,5.841198312,68,189301.941,0.388803425,7.137057857,632
01/01/2014,189431.7754,0.782579194,7.543938854,26,190472.4665,0.618337816,7.430164149,579
01/02/2014,192514.2951,1.627245283,10.6477666,33,192342.6084,0.981843699,8.972452349,585
01/03/2014,194525.1047,1.044498867,12.38815882,41,194300.7863,1.018067677,9.966834485,549
01/04/2014,197225.5028,1.388200322,12.17184991,55,196407.3604,1.084181976,10.25237748,550
01/05/2014,200181.3698,1.498724507,12.18240715,65,198920.9358,1.279776604,10.07525528,643
01/06/2014,202374.1573,1.095400411,13.16497985,78,201881.0235,1.488072478,10.57965322,678
01/07/2014,203808.6218,0.708818031,14.16947029,39,204722.5734,1.407536891,11.52943373,744
01/08/2014,204292.0777,0.237210702,13.25399788,55,207919.0947,1.561391706,11.81099278,764
01/09/2014,206397.5451,1.030616292,13.63296862,46,211279.4771,1.616197091,13.35558483,667
01/10/2014,207971.6932,0.762677726,11.97221211,60,213169.2066,0.894421713,12.76046025,781
01/11/2014,207326.4861,-0.310237935,11.4453614,42,211986.841,-0.5546606,12.41884367,620
01/12/2014,208866.8855,0.742982447,11.1225579,45,211663.6844,-0.152441824,11.81273858,620
01/01/2015,209744.9894,0.420413158,10.72323476,23,210639.9963,-0.483638962,10.5881602,559
01/02/2015,214294.839,2.169229199,11.31372811,33,212761.4067,1.007126074,10.61584766,509
01/03/2015,216300.4269,0.935901199,11.19409358,38,213792.2955,0.484528104,10.03161621,563
01/04/2015,217601.2425,0.60139297,10.33118911,27,215219.9727,0.667787056,9.578364227,500
01/05/2015,217607.927,0.00307191,8.705384156,51,216639.7597,0.659691081,8.907470594,601
01/06/2015,216538.0726,-0.491643123,6.998875488,56,218645.0147,0.925617235,8.303896436,636
01/07/2015,217855.1912,0.608261889,6.892038825,68,221170.1866,1.15491861,8.0340985,766
01/08/2015,221052.0796,1.467437334,8.203941181,24,225732.2933,2.062713215,8.567370213,763
01/09/2015,224620.6602,1.614361928,8.829133631,42,228901.0347,1.403760773,8.340401943,705
01/10/2015,227139.9204,1.121788276,9.216847093,32,231608.2486,1.182699269,8.649951984,705
01/11/2015,228347.9469,0.531842443,10.13940688,46,232455.6455,0.36587511,9.655692126,618
01/12/2015,233817.0515,2.395075001,11.94558913,61,236026.7892,1.536268865,11.51028676,678
01/01/2016,236340.0096,1.079030858,12.67981667,28,238263.6461,0.947713133,13.11414827,515
01/02/2016,238522.7501,0.923559443,11.30601117,34,240812.354,1.069700714,13.1842223,601
01/03/2016,238109.4745,-0.173264629,10.08289315,47,244036.6981,1.338944629,14.14662379,955
01/04/2016,242484.4562,1.83738242,11.43536179,12,246302.9361,0.928646378,14.44241098,347
01/05/2016,251986.8319,3.918756661,15.79867983,19,249970.3267,1.488975616,15.38524463,476
01/06/2016,257905.6176,2.348847187,19.10419145,76,251693.205,0.689233102,15.11499355,568
01/07/2016,263259.8139,2.076029358,20.8418437,36,258125.1111,2.555454842,16.7088146,617
01/08/2016,262948.9823,-0.118070267,18.95363126,43,261687.1605,1.379970101,15.92809821,707
01/09/2016,263521.1586,0.217599743,17.3185707,98,263204.5546,0.579850402,14.98617797,678
01/10/2016,264504.2312,0.373052599,16.44990925,60,262624.0003,-0.220571493,13.39147114,602
01/11/2016,262928.4348,-0.595754709,15.14376999,25,259294.0443,-1.267955735,11.54559989,578
01/12/2016,264872.9904,0.739576011,13.28215316,42,259208.7558,-0.032892549,9.821752313,609
01/01/2017,266785.3828,0.722003565,12.88202249,44,258683.1988,-0.20275434,8.570150371,489
01/02/2017,269723.5838,1.101335078,13.08086282,21,260423.3307,0.672688399,8.143675508,539
01/03/2017,270985.0047,0.46767169,13.8068971,75,260307.5728,-0.044449883,6.667388502,575
01/04/2017,268396.2161,-0.955298653,7.870435573,61,259557.4607,-0.288164808,5.992642142,498
01/05/2017,270679.922,0.850871136,5.458122623,98,262271.5137,1.045646293,5.042122186,548
01/06/2017,271075.7987,0.146252689,5.106617863,88,263897.1979,0.619847815,4.848756345,577
01/07/2017,276792.4627,2.10888021,5.140444097,83,269970.6751,2.301455734,4.589077414,628
01/08/2017,278142.4049,0.487709172,5.778116193,40,272833.3613,1.060369313,4.259359901,731
01/09/2017,281261.6631,1.12146085,6.732127518,61,276184.7648,1.228370113,4.931604389,599
01/10/2017,282014.3316,0.26760439,6.619998701,122,276051.8524,-0.048124428,5.112955871,566
01/11/2017,280433.9175,-0.560402086,6.65791757,174,274355.8031,-0.614395194,5.8087551,584
01/12/2017,280634.1147,0.071388379,5.950474635,70,274646.5947,0.105990673,5.95575406,563
01/01/2018,283089.483,0.87493581,6.11134558,32,275147.6701,0.182443694,6.364722742,491
01/02/2018,290634.1671,2.665123398,7.75262639,48,276211.5462,0.386656405,6.062518499,470
01/03/2018,292860.7967,0.766127961,8.072723834,71,275882.0582,-0.119288264,5.983107731,563
01/04/2018,291061.7791,-0.614291037,8.444814615,30,274526.4095,-0.491387061,5.767104026,443
01/05/2018,284356.2103,-2.303830073,5.052568379,57,273209.7623,-0.479606758,4.170582018,503
01/06/2018,283536.358,-0.288318753,4.596706624,52,274068.7598,0.314409544,3.854365255,540
01/07/2018,285850.9444,0.816327892,3.272661983,32,277854.2508,1.381219421,2.920159993,660
01/08/2018,292034.2023,2.163105632,4.994490989,66,282809.5023,1.783399564,3.656496003,689
01/09/2018,293837.298,0.617426238,4.471151461,32,284834.13,0.715898067,3.131731488,490
01/10/2018,292684.6885,-0.392261151,3.783622191,65,281888.937,-1.034002845,2.114488464,627
01/11/2018,288719.7034,-1.354695076,2.954630468,72,280945.913,-0.334537426,2.402030437,610
01/12/2018,288786.8753,0.023265435,2.905121013,102,280628.9661,-0.112814209,2.178207027,534
01/01/2019,287063.5326,-0.596752438,1.403813915,39,280349.6847,-0.09951981,1.890626446,477
01/02/2019,290286.0761,1.122588956,-0.119769464,39,277695.1485,-0.946866131,0.537125379,417
01/03/2019,289504.149,-0.269364308,-1.146158079,49,276313.9928,-0.497363999,0.156564939,489
01/04/2019,292732.9333,1.115280827,0.574157903,24,277899.8065,0.573917271,1.228806018,417
01/05/2019,287166.0871,-1.901680864,0.988153847,50,276760.8391,-0.40984822,1.299762063,514
01/06/2019,283231.558,-1.370123175,-0.10749944,58,275308.2449,-0.524855391,0.452253329,444
01/07/2019,283731.5116,0.176517616,-0.741446834,39,275211.0651,-0.035298537,-0.951284935,583
01/08/2019,289713.1447,2.108201905,-0.794789619,26,281326.3092,2.222019703,-0.524449505,623
01/09/2019,296843.6336,2.461223801,1.023129324,56,286291.1728,1.764806004,0.511540806,541
01/10/2019,295906.2089,-0.315797491,1.100679506,50,288205.0476,0.668506391,2.240637985,585
01/11/2019,290222.1642,-1.920894012,0.520387344,31,286411.9437,-0.622162556,1.945581141,607
01/12/2019,285462.242,-1.640096039,-1.151241141,47,285678.5132,-0.256075399,1.799367739,496
01/01/2020,285364.7909,-0.034137987,-0.591765052,40,283361.2032,-0.811160059,1.074200781,493
01/02/2020,287278.9294,0.670768973,-1.035925229,19,283820.929,0.162240208,2.205937177,439
01/03/2020,289714.0738,0.847658532,0.072511824,15,283492.4604,-0.115730945,2.59793849,467
01/04/2020,290897.4694,0.40847019,-0.627009705,12,285576.7053,0.735202974,2.762470022,157
01/05/2020,297086.9958,2.127734718,3.454763347,16,286554.6425,0.342442914,3.538724438,273
01/06/2020,297379.2944,0.098388219,4.995113022,21,290264.3912,1.294604287,5.432509413,334
01/07/2020,296247.4639,-0.380601653,4.411195733,11,291455.6239,0.410395726,5.902581987,442
01/08/2020,297162.1819,0.308768192,2.571176792,17,296050.6526,1.576579189,5.233902018,405
01/09/2020,299829.5197,0.897603376,1.005878417,11,297580.3389,0.5166975,3.943246307,442
01/10/2020,300775.4091,0.315475767,1.645521493,26,302652.6997,1.704534931,5.012976787,574
01/11/2020,298011.3292,-0.918984679,2.683862897,22,304189.8492,0.50789221,6.207110388,567
01/12/2020,298654.5028,0.215821849,4.621368022,34,307719.8443,1.16045789,7.715431903,625
01/01/2021,298814,0.1,4.7,33,308599,0.3,8.9,554
01/02/2021,300623,0.6,4.6,44,308533,0,8.7,728
01/03/2021,304977,1.4,5.3,83,309912,0.4,9.3,1021
01/04/2021,310591,1.8,6.8,70,311008,0.4,8.9,668
01/05/2021,311251,0.2,4.8,48,311367,0.1,8.7,503
01/06/2021,309794,-0.5,4.2,69,314901,1.1,8.5,1287
01/07/2021,304403,-1.7,2.8,38,308479,-2,5.8,344
01/08/2021,301795,-0.9,1.6,23,309346,0.3,4.5,476
01/09/2021,298696,-1,-0.4,83,305577,-1.2,2.7,1032
01/10/2021,297093,-0.5,-1.2,37,311235,1.9,2.8,412
01/11/2021,302051,1.7,1.4,22,315007,1.2,3.6,483
01/12/2021,302088,0,1.1,78,317802,0.9,3.3,544
01/01/2022,309819,2.6,3.7,23,326679,2.8,5.9,426
01/02/2022,314300,1.4,4.5,36,330110,1.1,7,473
01/03/2022,324475,3.2,6.4,66,335967,1.8,8.4,549
01/04/2022,328151,1.1,5.7,47,338853,0.9,9,497
01/05/2022,328593,0.1,5.6,39,343051,1.2,10.2,482
01/06/2022,322896,-1.7,4.2,71,340008,-0.9,8,494
01/07/2022,325214,0.7,6.8,52,343413,1,11.3,554
01/08/2022,327518,0.7,8.5,20,346594,0.9,12,625
01/09/2022,334705,2.2,12.1,37,355967,2.7,16.5,639
01/10/2022,335032,0.1,12.8,36,357582,0.5,14.9,611
01/11/2022,338543,1,12.1,23,359157,0.4,14,605
01/12/2022,337841,-0.2,11.8,61,357802,-0.4,12.6,569
01/01/2023,340584,0.8,9.9,37,354907,-0.8,8.6,419
01/02/2023,343981,1,9.4,26,353624,-0.4,7.1,422
01/03/2023,349050,1.5,7.6,17,349758,-1.1,4.1,440
01/04/2023,346988,-0.6,5.7,9,344263,-1.6,1.6,350
01/05/2023,345689,-0.4,5.2,8,341513,-0.8,-0.4,361
01/06/2023,338685,-2,4.9,10,339140,-0.7,-0.3,395
01/07/2023,342756,1.2,5.4,8,344656,1.6,0.4,475
01/08/2023,341466,-0.4,4.3,6,346905,0.7,0.1,532
01/09/2023,346116,1.4,3.4,13,351101,1.2,-1.4,466
01/10/2023,347292,0.3,3.7,18,352020,0.3,-1.6,464
01/11/2023,350158,0.8,3.4,6,351545,-0.1,-2.1,468
01/12/2023,349845,-0.1,3.6,8,350790,-0.2,-2,364
01/01/2024,347716,-0.6,2.1,6,346573,-1.2,-2.3,348
01/02/2024,354349,1.9,3,4,342950,-1,-3,381
01/03/2024,357928,1,2.5,7,340167,-0.8,-2.7,351
01/04/2024,364145,1.7,4.9,2,341303,0.3,-0.9,331
01/05/2024,375863,3.2,8.7,,345204,1.1,1.1,350
01/06/2024,391491,4.2,15.6,,347788,0.7,2.5,326
01/07/2024,412227,5.3,20.3,,350529,0.8,1.7,302
01/08/2024,,,,,,,,
01/09/2024,,,,,,,,
